part_id,chosen_model,WAPE_trailing_mean,WAPE_seasonal_naive,WAPE_ets_damped,WAPE_selected
PT008,ets_damped,22.044728434504794,22.044728434504794,30.994655064730146,30.994655064730146
PT003,ets_damped,28.767123287671232,19.17808219178082,32.656423000420176,32.656423000420176
PT001,ets_damped,38.46153846153846,21.634615384615383,39.66844469067823,39.66844469067823
PT042,ets_damped,11.229946524064172,27.272727272727273,21.418897554917105,21.418897554917105
PT043,ets_damped,19.555555555555557,22.666666666666668,15.90784685832876,15.90784685832876
PT002,ets_damped,37.170263788968825,28.057553956834532,51.95538712454351,51.95538712454351
PT020,ets_damped,30.136986301369863,28.767123287671232,41.28581376588269,41.28581376588269
PT006,ets_damped,42.187499999999986,17.1875,45.403043974093364,45.403043974093364
PT035,trailing_mean,25.46583850931677,23.60248447204969,14.905258543229635,25.46583850931677
PT038,ets_damped,14.414414414414415,27.7027027027027,14.237756852878912,14.237756852878912
PT033,trailing_mean,16.521739130434778,26.08695652173913,36.90386483034888,16.521739130434778
PT004,ets_damped,27.927927927927936,19.81981981981982,24.302170170951918,24.302170170951918
PT023,trailing_mean,12.068965517241379,30.17241379310345,14.27622199713691,12.068965517241379
PT039,trailing_mean,22.641509433962263,30.18867924528302,27.218613024415124,22.641509433962263
PT016,ets_damped,18.095238095238095,29.523809523809526,24.152440102646565,24.152440102646565
