month,part_id,demand,opening_stock,fulfilled,stockout_units,closing_stock,units_ordered
2022-01,PT001,2,6,2,0,4,0
2022-02,PT001,2,4,2,0,2,1
2022-03,PT001,3,3,3,0,0,3
2022-04,PT001,11,3,3,8,0,7
2022-05,PT001,10,7,7,3,0,10
2022-06,PT001,12,10,10,2,0,14
2022-07,PT001,20,14,14,6,0,17
2022-08,PT001,11,17,11,0,6,12
2022-09,PT001,10,18,10,0,8,9
2022-10,PT001,15,17,15,0,2,13
2022-11,PT001,12,15,12,0,3,12
2022-12,PT001,16,15,15,1,0,18
2023-01,PT001,13,18,13,0,5,12
2023-02,PT001,9,17,9,0,8,8
2023-03,PT001,15,16,15,0,1,14
2023-04,PT001,31,15,15,16,0,22
2023-05,PT001,35,22,22,13,0,33
2023-06,PT001,43,33,33,10,0,44
2023-07,PT001,30,44,30,0,14,30
2023-08,PT001,34,44,34,0,10,33
2023-09,PT001,31,43,31,0,12,26
2023-10,PT001,26,38,26,0,12,25
2023-11,PT001,24,37,24,0,13,20
2023-12,PT001,30,33,30,0,3,29
2024-01,PT001,27,32,27,0,5,28
2024-02,PT001,26,33,26,0,7,27
2024-03,PT001,31,34,31,0,3,31
2024-04,PT001,44,34,34,10,0,41
2024-05,PT001,57,41,41,16,0,53
2024-06,PT001,37,53,37,0,16,40
2024-07,PT001,52,56,52,0,4,55
2024-08,PT001,32,59,32,0,27,22
2024-09,PT001,30,49,30,0,19,27
2024-10,PT001,35,46,35,0,11,28
2024-11,PT001,32,39,32,0,7,32
2024-12,PT001,27,39,27,0,12,26
2022-01,PT002,1,6,1,0,5,0
2022-02,PT002,5,5,5,0,0,4
2022-03,PT002,0,4,0,0,4,0
2022-04,PT002,5,4,4,1,0,4
2022-05,PT002,8,4,4,4,0,6
2022-06,PT002,8,6,6,2,0,9
2022-07,PT002,7,9,7,0,2,8
2022-08,PT002,9,10,9,0,1,9
2022-09,PT002,7,10,7,0,3,7
2022-10,PT002,5,10,5,0,5,4
2022-11,PT002,10,9,9,1,0,9
2022-12,PT002,10,9,9,1,0,10
2023-01,PT002,9,10,9,0,1,11
2023-02,PT002,9,12,9,0,3,9
2023-03,PT002,15,12,12,3,0,14
2023-04,PT002,19,14,14,5,0,18
2023-05,PT002,15,18,15,0,3,17
2023-06,PT002,22,20,20,2,0,23
2023-07,PT002,18,23,18,0,5,17
2023-08,PT002,20,22,20,0,2,22
2023-09,PT002,20,24,20,0,4,20
2023-10,PT002,19,24,19,0,5,19
2023-11,PT002,21,24,21,0,3,21
2023-12,PT002,20,24,20,0,4,20
2024-01,PT002,19,24,19,0,5,19
2024-02,PT002,21,24,21,0,3,21
2024-03,PT002,23,24,23,0,1,25
2024-04,PT002,31,26,26,5,0,30
2024-05,PT002,32,30,30,2,0,35
2024-06,PT002,32,35,32,0,3,35
2024-07,PT002,32,38,32,0,6,33
2024-08,PT002,15,39,15,0,24,8
2024-09,PT002,19,32,19,0,13,14
2024-10,PT002,25,27,25,0,2,22
2024-11,PT002,31,24,24,7,0,30
2024-12,PT002,17,30,17,0,13,17
2022-01,PT003,1,6,1,0,5,0
2022-02,PT003,4,5,4,0,1,2
2022-03,PT003,2,3,2,0,1,2
2022-04,PT003,14,3,3,11,0,8
2022-05,PT003,9,8,8,1,0,10
2022-06,PT003,14,10,10,4,0,15
2022-07,PT003,14,15,14,0,1,14
2022-08,PT003,16,15,15,1,0,18
2022-09,PT003,20,18,18,2,0,20
2022-10,PT003,18,20,18,0,2,20
2022-11,PT003,24,22,22,2,0,25
2022-12,PT003,20,25,20,0,5,20
2023-01,PT003,16,25,16,0,9,15
2023-02,PT003,23,24,23,0,1,23
2023-03,PT003,18,24,18,0,6,17
2023-04,PT003,32,23,23,9,0,30
2023-05,PT003,44,30,30,14,0,38
2023-06,PT003,47,38,38,9,0,50
2023-07,PT003,50,50,50,0,0,57
2023-08,PT003,41,57,41,0,16,40
2023-09,PT003,33,56,33,0,23,27
2023-10,PT003,30,50,30,0,20,22
2023-11,PT003,44,42,42,2,0,43
2023-12,PT003,42,43,42,0,1,46
2024-01,PT003,47,47,47,0,0,54
2024-02,PT003,29,54,29,0,25,23
2024-03,PT003,42,48,42,0,6,42
2024-04,PT003,61,48,48,13,0,53
2024-05,PT003,56,53,53,3,0,64
2024-06,PT003,63,64,63,0,1,71
2024-07,PT003,68,72,68,0,4,71
2024-08,PT003,53,75,53,0,22,52
2024-09,PT003,42,74,42,0,32,34
2024-10,PT003,38,66,38,0,28,26
2024-11,PT003,51,54,51,0,3,50
2024-12,PT003,40,53,40,0,13,39
2022-01,PT004,1,4,1,0,3,0
2022-02,PT004,1,3,1,0,2,0
2022-03,PT004,1,2,1,0,1,1
2022-04,PT004,5,2,2,3,0,3
2022-05,PT004,4,3,3,1,0,4
2022-06,PT004,13,4,4,9,0,9
2022-07,PT004,6,9,6,0,3,7
2022-08,PT004,2,10,2,0,8,1
2022-09,PT004,7,9,7,0,2,4
2022-10,PT004,5,6,5,0,1,5
2022-11,PT004,7,6,6,1,0,8
2022-12,PT004,7,8,7,0,1,7
2023-01,PT004,10,8,8,2,0,10
2023-02,PT004,8,10,8,0,2,8
2023-03,PT004,4,10,4,0,6,3
2023-04,PT004,15,9,9,6,0,11
2023-05,PT004,24,11,11,13,0,18
2023-06,PT004,7,18,7,0,11,8
2023-07,PT004,14,19,14,0,5,13
2023-08,PT004,13,18,13,0,5,9
2023-09,PT004,14,14,14,0,0,17
2023-10,PT004,17,17,17,0,0,18
2023-11,PT004,15,18,15,0,3,16
2023-12,PT004,20,19,19,1,0,21
2024-01,PT004,13,21,13,0,8,12
2024-02,PT004,17,20,17,0,3,17
2024-03,PT004,11,20,11,0,9,8
2024-04,PT004,20,17,17,3,0,20
2024-05,PT004,27,20,20,7,0,24
2024-06,PT004,24,24,24,0,0,29
2024-07,PT004,21,29,21,0,8,21
2024-08,PT004,15,29,15,0,14,10
2024-09,PT004,21,24,21,0,3,20
2024-10,PT004,16,23,16,0,7,14
2024-11,PT004,19,21,19,0,2,21
2024-12,PT004,19,23,19,0,4,18
2022-01,PT005,0,2,0,0,2,0
2022-02,PT005,0,2,0,0,2,0
2022-03,PT005,1,2,1,0,1,0
2022-04,PT005,6,1,1,5,0,3
2022-05,PT005,4,3,3,1,0,5
2022-06,PT005,5,5,5,0,0,6
2022-07,PT005,5,6,5,0,1,5
2022-08,PT005,5,6,5,0,1,5
2022-09,PT005,6,6,6,0,0,7
2022-10,PT005,7,7,7,0,0,8
2022-11,PT005,4,8,4,0,4,3
2022-12,PT005,7,7,7,0,0,8
2023-01,PT005,5,8,5,0,3,4
2023-02,PT005,8,7,7,1,0,8
2023-03,PT005,3,8,3,0,5,2
2023-04,PT005,9,7,7,2,0,8
2023-05,PT005,14,8,8,6,0,11
2023-06,PT005,10,11,10,0,1,13
2023-07,PT005,16,14,14,2,0,16
2023-08,PT005,10,16,10,0,6,9
2023-09,PT005,11,15,11,0,4,11
2023-10,PT005,12,15,12,0,3,11
2023-11,PT005,13,14,13,0,1,14
2023-12,PT005,15,15,15,0,0,16
2024-01,PT005,10,16,10,0,6,10
2024-02,PT005,6,16,6,0,10,3
2024-03,PT005,15,13,13,2,0,13
2024-04,PT005,16,13,13,3,0,15
2024-05,PT005,15,15,15,0,0,19
2024-06,PT005,23,19,19,4,0,22
2024-07,PT005,13,22,13,0,9,12
2024-08,PT005,15,21,15,0,6,15
2024-09,PT005,12,21,12,0,9,7
2024-10,PT005,21,16,16,5,0,20
2024-11,PT005,19,20,19,0,1,20
2024-12,PT005,12,21,12,0,9,12
2022-01,PT006,1,6,1,0,5,0
2022-02,PT006,1,5,1,0,4,0
2022-03,PT006,4,4,4,0,0,3
2022-04,PT006,4,0,0,4,0,1
2022-05,PT006,8,3,3,5,0,6
2022-06,PT006,5,1,1,4,0,1
2022-07,PT006,12,6,6,6,0,9
2022-08,PT006,8,1,1,7,0,1
2022-09,PT006,6,9,6,0,3,7
2022-10,PT006,10,4,4,6,0,3
2022-11,PT006,6,7,6,0,1,5
2022-12,PT006,8,4,4,4,0,5
2023-01,PT006,7,5,5,2,0,4
2023-02,PT006,16,5,5,11,0,9
2023-03,PT006,12,4,4,8,0,5
2023-04,PT006,19,9,9,10,0,14
2023-05,PT006,14,5,5,9,0,4
2023-06,PT006,15,14,14,1,0,16
2023-07,PT006,21,4,4,17,0,4
2023-08,PT006,19,16,16,3,0,18
2023-09,PT006,21,4,4,17,0,7
2023-10,PT006,16,18,16,0,2,14
2023-11,PT006,23,9,9,14,0,10
2023-12,PT006,14,14,14,0,0,12
2024-01,PT006,22,10,10,12,0,12
2024-02,PT006,22,12,12,10,0,12
2024-03,PT006,29,12,12,17,0,18
2024-04,PT006,23,12,12,11,0,12
2024-05,PT006,38,18,18,20,0,24
2024-06,PT006,30,12,12,18,0,13
2024-07,PT006,25,24,24,1,0,25
2024-08,PT006,26,13,13,13,0,8
2024-09,PT006,20,25,20,0,5,16
2024-10,PT006,21,13,13,8,0,11
2024-11,PT006,20,16,16,4,0,14
2024-12,PT006,16,11,11,5,0,9
2022-01,PT007,0,2,0,0,2,0
2022-02,PT007,0,2,0,0,2,0
2022-03,PT007,0,2,0,0,2,0
2022-04,PT007,1,2,1,0,1,0
2022-05,PT007,3,1,1,2,0,2
2022-06,PT007,4,2,2,2,0,4
2022-07,PT007,2,4,2,0,2,2
2022-08,PT007,2,4,2,0,2,2
2022-09,PT007,1,4,1,0,3,0
2022-10,PT007,5,3,3,2,0,4
2022-11,PT007,4,4,4,0,0,4
2022-12,PT007,2,4,2,0,2,3
2023-01,PT007,2,5,2,0,3,1
2023-02,PT007,3,4,3,0,1,2
2023-03,PT007,4,3,3,1,0,4
2023-04,PT007,8,4,4,4,0,6
2023-05,PT007,6,6,6,0,0,8
2023-06,PT007,11,8,8,3,0,10
2023-07,PT007,5,10,5,0,5,4
2023-08,PT007,5,9,5,0,4,5
2023-09,PT007,6,9,6,0,3,4
2023-10,PT007,6,7,6,0,1,6
2023-11,PT007,5,7,5,0,2,5
2023-12,PT007,6,7,6,0,1,6
2024-01,PT007,9,7,7,2,0,8
2024-02,PT007,4,8,4,0,4,4
2024-03,PT007,8,8,8,0,0,9
2024-04,PT007,11,9,9,2,0,10
2024-05,PT007,11,10,10,1,0,12
2024-06,PT007,14,12,12,2,0,15
2024-07,PT007,10,15,10,0,5,9
2024-08,PT007,7,14,7,0,7,6
2024-09,PT007,8,13,8,0,5,5
2024-10,PT007,9,10,9,0,1,9
2024-11,PT007,6,10,6,0,4,6
2024-12,PT007,6,10,6,0,4,5
2022-01,PT008,0,4,0,0,4,0
2022-02,PT008,1,4,1,0,3,0
2022-03,PT008,2,3,2,0,1,1
2022-04,PT008,7,2,2,5,0,4
2022-05,PT008,12,4,4,8,0,9
2022-06,PT008,14,9,9,5,0,14
2022-07,PT008,10,14,10,0,4,11
2022-08,PT008,14,15,14,0,1,15
2022-09,PT008,25,16,16,9,0,20
2022-10,PT008,20,20,20,0,0,24
2022-11,PT008,17,24,17,0,7,18
2022-12,PT008,23,25,23,0,2,22
2023-01,PT008,24,24,24,0,0,26
2023-02,PT008,19,26,19,0,7,20
2023-03,PT008,31,27,27,4,0,30
2023-04,PT008,33,30,30,3,0,34
2023-05,PT008,39,34,34,5,0,42
2023-06,PT008,37,42,37,0,5,39
2023-07,PT008,47,44,44,3,0,50
2023-08,PT008,38,50,38,0,12,37
2023-09,PT008,45,49,45,0,4,48
2023-10,PT008,52,52,52,0,0,54
2023-11,PT008,34,54,34,0,20,33
2023-12,PT008,62,53,53,9,0,60
2024-01,PT008,51,60,51,0,9,50
2024-02,PT008,49,59,49,0,10,55
2024-03,PT008,37,65,37,0,28,27
2024-04,PT008,61,55,55,6,0,59
2024-05,PT008,59,59,59,0,0,63
2024-06,PT008,60,63,60,0,3,69
2024-07,PT008,71,72,71,0,1,75
2024-08,PT008,46,76,46,0,30,41
2024-09,PT008,58,71,58,0,13,57
2024-10,PT008,43,70,43,0,27,32
2024-11,PT008,41,59,41,0,18,39
2024-12,PT008,54,57,54,0,3,53
2022-01,PT009,0,2,0,0,2,0
2022-02,PT009,0,2,0,0,2,0
2022-03,PT009,0,2,0,0,2,0
2022-04,PT009,0,2,0,0,2,0
2022-05,PT009,0,2,0,0,2,0
2022-06,PT009,3,2,2,1,0,2
2022-07,PT009,3,2,2,1,0,3
2022-08,PT009,3,3,3,0,0,4
2022-09,PT009,3,4,3,0,1,3
2022-10,PT009,0,4,0,0,4,0
2022-11,PT009,2,4,2,0,2,0
2022-12,PT009,5,2,2,3,0,3
2023-01,PT009,3,3,3,0,0,4
2023-02,PT009,3,4,3,0,1,4
2023-03,PT009,1,5,1,0,4,0
2023-04,PT009,6,4,4,2,0,4
2023-05,PT009,4,4,4,0,0,5
2023-06,PT009,3,5,3,0,2,4
2023-07,PT009,5,6,5,0,1,4
2023-08,PT009,9,5,5,4,0,7
2023-09,PT009,5,7,5,0,2,6
2023-10,PT009,6,8,6,0,2,6
2023-11,PT009,5,8,5,0,3,4
2023-12,PT009,5,7,5,0,2,5
2024-01,PT009,9,7,7,2,0,8
2024-02,PT009,7,8,7,0,1,8
2024-03,PT009,4,9,4,0,5,3
2024-04,PT009,8,8,8,0,0,8
2024-05,PT009,10,8,8,2,0,9
2024-06,PT009,5,9,5,0,4,6
2024-07,PT009,7,10,7,0,3,6
2024-08,PT009,6,9,6,0,3,5
2024-09,PT009,6,8,6,0,2,6
2024-10,PT009,6,8,6,0,2,6
2024-11,PT009,6,8,6,0,2,6
2024-12,PT009,6,8,6,0,2,6
2022-01,PT010,1,2,1,0,1,1
2022-02,PT010,0,2,0,0,2,0
2022-03,PT010,0,2,0,0,2,0
2022-04,PT010,1,2,1,0,1,0
2022-05,PT010,3,1,1,2,0,2
2022-06,PT010,2,2,2,0,0,3
2022-07,PT010,1,3,1,0,2,1
2022-08,PT010,2,3,2,0,1,1
2022-09,PT010,2,2,2,0,0,2
2022-10,PT010,4,2,2,2,0,4
2022-11,PT010,4,4,4,0,0,4
2022-12,PT010,3,4,3,0,1,4
2023-01,PT010,7,5,5,2,0,6
2023-02,PT010,2,6,2,0,4,1
2023-03,PT010,7,5,5,2,0,7
2023-04,PT010,8,7,7,1,0,7
2023-05,PT010,4,7,4,0,3,5
2023-06,PT010,3,8,3,0,5,1
2023-07,PT010,10,6,6,4,0,7
2023-08,PT010,2,7,2,0,5,1
2023-09,PT010,12,6,6,6,0,10
2023-10,PT010,6,10,6,0,4,4
2023-11,PT010,9,8,8,1,0,11
2023-12,PT010,10,11,10,0,1,9
2024-01,PT010,6,10,6,0,4,6
2024-02,PT010,5,10,5,0,5,4
2024-03,PT010,12,9,9,3,0,10
2024-04,PT010,13,10,10,3,0,12
2024-05,PT010,7,12,7,0,5,8
2024-06,PT010,8,13,8,0,5,7
2024-07,PT010,13,12,12,1,0,12
2024-08,PT010,10,12,10,0,2,11
2024-09,PT010,17,13,13,4,0,16
2024-10,PT010,7,16,7,0,9,5
2024-11,PT010,7,14,7,0,7,6
2024-12,PT010,8,13,8,0,5,4
2022-01,PT011,1,4,1,0,3,0
2022-02,PT011,0,3,0,0,3,0
2022-03,PT011,2,3,2,0,1,1
2022-04,PT011,0,1,0,0,1,0
2022-05,PT011,2,2,2,0,0,2
2022-06,PT011,3,0,0,3,0,0
2022-07,PT011,4,2,2,2,0,4
2022-08,PT011,2,0,0,2,0,0
2022-09,PT011,2,4,2,0,2,2
2022-10,PT011,1,2,1,0,1,0
2022-11,PT011,6,3,3,3,0,4
2022-12,PT011,6,0,0,6,0,2
2023-01,PT011,2,4,2,0,2,2
2023-02,PT011,3,4,3,0,1,2
2023-03,PT011,4,3,3,1,0,2
2023-04,PT011,8,2,2,6,0,4
2023-05,PT011,6,2,2,4,0,4
2023-06,PT011,9,4,4,5,0,6
2023-07,PT011,9,4,4,5,0,4
2023-08,PT011,7,6,6,1,0,6
2023-09,PT011,11,4,4,7,0,5
2023-10,PT011,4,6,4,0,2,2
2023-11,PT011,1,7,1,0,6,0
2023-12,PT011,9,8,8,1,0,6
2024-01,PT011,7,0,0,7,0,1
2024-02,PT011,10,6,6,4,0,10
2024-03,PT011,11,1,1,10,0,2
2024-04,PT011,9,10,9,0,1,9
2024-05,PT011,11,3,3,8,0,4
2024-06,PT011,5,9,5,0,4,2
2024-07,PT011,10,8,8,2,0,9
2024-08,PT011,9,2,2,7,0,1
2024-09,PT011,9,9,9,0,0,11
2024-10,PT011,6,1,1,5,0,0
2024-11,PT011,4,11,4,0,7,1
2024-12,PT011,9,7,7,2,0,7
2022-01,PT012,0,2,0,0,2,0
2022-02,PT012,1,2,1,0,1,0
2022-03,PT012,0,1,0,0,1,0
2022-04,PT012,1,1,1,0,0,1
2022-05,PT012,1,0,0,1,0,0
2022-06,PT012,1,1,1,0,0,2
2022-07,PT012,3,0,0,3,0,0
2022-08,PT012,1,2,1,0,1,1
2022-09,PT012,2,1,1,1,0,2
2022-10,PT012,5,1,1,4,0,2
2022-11,PT012,2,2,2,0,0,2
2022-12,PT012,4,2,2,2,0,3
2023-01,PT012,3,2,2,1,0,1
2023-02,PT012,5,3,3,2,0,4
2023-03,PT012,5,1,1,4,0,2
2023-04,PT012,1,4,1,0,3,0
2023-05,PT012,4,5,4,0,1,3
2023-06,PT012,6,1,1,5,0,2
2023-07,PT012,5,3,3,2,0,4
2023-08,PT012,5,2,2,3,0,3
2023-09,PT012,5,4,4,1,0,3
2023-10,PT012,4,3,3,1,0,3
2023-11,PT012,8,3,3,5,0,4
2023-12,PT012,6,3,3,3,0,4
2024-01,PT012,5,4,4,1,0,4
2024-02,PT012,9,4,4,5,0,4
2024-03,PT012,4,4,4,0,0,4
2024-04,PT012,6,4,4,2,0,4
2024-05,PT012,8,4,4,4,0,4
2024-06,PT012,13,4,4,9,0,7
2024-07,PT012,7,4,4,3,0,5
2024-08,PT012,15,7,7,8,0,9
2024-09,PT012,11,5,5,6,0,5
2024-10,PT012,10,9,9,1,0,10
2024-11,PT012,14,5,5,9,0,4
2024-12,PT012,7,10,7,0,3,6
2022-01,PT013,0,2,0,0,2,0
2022-02,PT013,0,2,0,0,2,0
2022-03,PT013,0,2,0,0,2,0
2022-04,PT013,1,2,1,0,1,0
2022-05,PT013,5,1,1,4,0,3
2022-06,PT013,4,0,0,4,0,1
2022-07,PT013,2,3,2,0,1,3
2022-08,PT013,6,2,2,4,0,2
2022-09,PT013,5,3,3,2,0,4
2022-10,PT013,3,2,2,1,0,2
2022-11,PT013,5,4,4,1,0,4
2022-12,PT013,8,2,2,6,0,3
2023-01,PT013,6,4,4,2,0,5
2023-02,PT013,8,3,3,5,0,4
2023-03,PT013,8,5,5,3,0,5
2023-04,PT013,17,4,4,13,0,9
2023-05,PT013,8,5,5,3,0,5
2023-06,PT013,9,9,9,0,0,9
2023-07,PT013,9,5,5,4,0,2
2023-08,PT013,13,9,9,4,0,11
2023-09,PT013,14,2,2,12,0,4
2023-10,PT013,6,11,6,0,5,5
2023-11,PT013,15,9,9,6,0,9
2023-12,PT013,19,5,5,14,0,7
2024-01,PT013,24,9,9,15,0,17
2024-02,PT013,15,7,7,8,0,7
2024-03,PT013,18,17,17,1,0,16
2024-04,PT013,24,7,7,17,0,7
2024-05,PT013,8,16,8,0,8,5
2024-06,PT013,15,15,15,0,0,14
2024-07,PT013,11,5,5,6,0,0
2024-08,PT013,17,14,14,3,0,18
2024-09,PT013,9,0,0,9,0,0
2024-10,PT013,16,18,16,0,2,15
2024-11,PT013,23,2,2,21,0,5
2024-12,PT013,17,15,15,2,0,18
2022-01,PT014,1,4,1,0,3,0
2022-02,PT014,1,3,1,0,2,0
2022-03,PT014,1,2,1,0,1,1
2022-04,PT014,1,1,1,0,0,1
2022-05,PT014,0,1,0,0,1,0
2022-06,PT014,2,2,2,0,0,2
2022-07,PT014,5,0,0,5,0,1
2022-08,PT014,3,2,2,1,0,3
2022-09,PT014,5,1,1,4,0,3
2022-10,PT014,3,3,3,0,0,2
2022-11,PT014,8,3,3,5,0,5
2022-12,PT014,6,2,2,4,0,2
2023-01,PT014,8,5,5,3,0,7
2023-02,PT014,11,2,2,9,0,3
2023-03,PT014,6,7,6,0,1,6
2023-04,PT014,11,4,4,7,0,6
2023-05,PT014,8,6,6,2,0,4
2023-06,PT014,14,6,6,8,0,10
2023-07,PT014,11,4,4,7,0,4
2023-08,PT014,8,10,8,0,2,8
2023-09,PT014,11,6,6,5,0,4
2023-10,PT014,10,8,8,2,0,8
2023-11,PT014,11,4,4,7,0,5
2023-12,PT014,14,8,8,6,0,9
2024-01,PT014,12,5,5,7,0,6
2024-02,PT014,12,9,9,3,0,10
2024-03,PT014,15,6,6,9,0,6
2024-04,PT014,7,10,7,0,3,5
2024-05,PT014,15,9,9,6,0,10
2024-06,PT014,14,5,5,9,0,5
2024-07,PT014,10,10,10,0,0,11
2024-08,PT014,13,5,5,8,0,4
2024-09,PT014,11,11,11,0,0,10
2024-10,PT014,24,4,4,20,0,10
2024-11,PT014,15,10,10,5,0,10
2024-12,PT014,12,10,10,2,0,11
2022-01,PT015,1,3,1,0,2,0
2022-02,PT015,1,2,1,0,1,1
2022-03,PT015,0,2,0,0,2,0
2022-04,PT015,3,2,2,1,0,2
2022-05,PT015,1,2,1,0,1,1
2022-06,PT015,7,2,2,5,0,5
2022-07,PT015,5,5,5,0,0,6
2022-08,PT015,5,6,5,0,1,6
2022-09,PT015,12,7,7,5,0,9
2022-10,PT015,3,9,3,0,6,2
2022-11,PT015,7,8,7,0,1,8
2022-12,PT015,9,9,9,0,0,8
2023-01,PT015,2,8,2,0,6,2
2023-02,PT015,10,8,8,2,0,9
2023-03,PT015,8,9,8,0,1,7
2023-04,PT015,15,8,8,7,0,14
2023-05,PT015,9,14,9,0,5,8
2023-06,PT015,9,13,9,0,4,10
2023-07,PT015,10,14,10,0,4,8
2023-08,PT015,8,12,8,0,4,7
2023-09,PT015,19,11,11,8,0,15
2023-10,PT015,8,15,8,0,7,7
2023-11,PT015,10,14,10,0,4,11
2023-12,PT015,9,15,9,0,6,5
2024-01,PT015,16,11,11,5,0,14
2024-02,PT015,10,14,10,0,4,10
2024-03,PT015,21,14,14,7,0,19
2024-04,PT015,16,19,16,0,3,16
2024-05,PT015,16,19,16,0,3,19
2024-06,PT015,20,22,20,0,2,19
2024-07,PT015,17,21,17,0,4,18
2024-08,PT015,21,22,21,0,1,23
2024-09,PT015,20,24,20,0,4,20
2024-10,PT015,12,24,12,0,12,10
2024-11,PT015,10,22,10,0,12,5
2024-12,PT015,8,17,8,0,9,3
2022-01,PT016,1,3,1,0,2,0
2022-02,PT016,0,2,0,0,2,0
2022-03,PT016,1,2,1,0,1,0
2022-04,PT016,3,1,1,2,0,2
2022-05,PT016,6,2,2,4,0,4
2022-06,PT016,3,4,3,0,1,4
2022-07,PT016,6,5,5,1,0,6
2022-08,PT016,6,6,6,0,0,6
2022-09,PT016,7,6,6,1,0,8
2022-10,PT016,4,8,4,0,4,3
2022-11,PT016,4,7,4,0,3,3
2022-12,PT016,10,6,6,4,0,8
2023-01,PT016,12,8,8,4,0,11
2023-02,PT016,8,11,8,0,3,9
2023-03,PT016,9,12,9,0,3,9
2023-04,PT016,10,12,10,0,2,9
2023-05,PT016,13,11,11,2,0,13
2023-06,PT016,7,13,7,0,6,6
2023-07,PT016,15,12,12,3,0,14
2023-08,PT016,12,14,12,0,2,12
2023-09,PT016,14,14,14,0,0,17
2023-10,PT016,14,17,14,0,3,13
2023-11,PT016,11,16,11,0,5,11
2023-12,PT016,8,16,8,0,8,6
2024-01,PT016,24,14,14,10,0,18
2024-02,PT016,13,18,13,0,5,13
2024-03,PT016,22,18,18,4,0,24
2024-04,PT016,20,24,20,0,4,18
2024-05,PT016,17,22,17,0,5,19
2024-06,PT016,23,24,23,0,1,23
2024-07,PT016,15,24,15,0,9,13
2024-08,PT016,21,22,21,0,1,23
2024-09,PT016,14,24,14,0,10,10
2024-10,PT016,21,20,20,1,0,23
2024-11,PT016,18,23,18,0,5,17
2024-12,PT016,16,22,16,0,6,16
2022-01,PT017,0,3,0,0,3,0
2022-02,PT017,0,3,0,0,3,0
2022-03,PT017,2,3,2,0,1,0
2022-04,PT017,4,1,1,3,0,3
2022-05,PT017,1,3,1,0,2,1
2022-06,PT017,4,3,3,1,0,4
2022-07,PT017,5,4,4,1,0,4
2022-08,PT017,5,4,4,1,0,6
2022-09,PT017,1,6,1,0,5,0
2022-10,PT017,10,5,5,5,0,7
2022-11,PT017,10,7,7,3,0,9
2022-12,PT017,4,9,4,0,5,5
2023-01,PT017,6,10,6,0,4,4
2023-02,PT017,8,8,8,0,0,8
2023-03,PT017,6,8,6,0,2,6
2023-04,PT017,4,8,4,0,4,4
2023-05,PT017,5,8,5,0,3,3
2023-06,PT017,6,6,6,0,0,6
2023-07,PT017,11,6,6,5,0,9
2023-08,PT017,9,9,9,0,0,11
2023-09,PT017,5,11,5,0,6,4
2023-10,PT017,13,10,10,3,0,11
2023-11,PT017,9,11,9,0,2,9
2023-12,PT017,9,11,9,0,2,11
2024-01,PT017,11,13,11,0,2,10
2024-02,PT017,14,12,12,2,0,14
2024-03,PT017,11,14,11,0,3,12
2024-04,PT017,12,15,12,0,3,12
2024-05,PT017,8,15,8,0,7,6
2024-06,PT017,16,13,13,3,0,15
2024-07,PT017,10,15,10,0,5,9
2024-08,PT017,11,14,11,0,3,12
2024-09,PT017,9,15,9,0,6,6
2024-10,PT017,13,12,12,1,0,14
2024-11,PT017,15,14,14,1,0,15
2024-12,PT017,19,15,15,4,0,19
2022-01,PT018,1,2,1,0,1,1
2022-02,PT018,0,1,0,0,1,0
2022-03,PT018,0,2,0,0,2,0
2022-04,PT018,5,2,2,3,0,2
2022-05,PT018,2,0,0,2,0,1
2022-06,PT018,1,2,1,0,1,2
2022-07,PT018,4,2,2,2,0,1
2022-08,PT018,2,2,2,0,0,2
2022-09,PT018,8,1,1,7,0,4
2022-10,PT018,5,2,2,3,0,2
2022-11,PT018,3,4,3,0,1,4
2022-12,PT018,3,3,3,0,0,1
2023-01,PT018,5,4,4,1,0,4
2023-02,PT018,9,1,1,8,0,3
2023-03,PT018,10,4,4,6,0,7
2023-04,PT018,13,3,3,10,0,6
2023-05,PT018,11,7,7,4,0,8
2023-06,PT018,8,6,6,2,0,5
2023-07,PT018,11,8,8,3,0,7
2023-08,PT018,8,5,5,3,0,4
2023-09,PT018,11,7,7,4,0,8
2023-10,PT018,15,4,4,11,0,6
2023-11,PT018,10,8,8,2,0,9
2023-12,PT018,14,6,6,8,0,7
2024-01,PT018,11,9,9,2,0,7
2024-02,PT018,11,7,7,4,0,8
2024-03,PT018,8,7,7,1,0,4
2024-04,PT018,12,8,8,4,0,9
2024-05,PT018,7,4,4,3,0,2
2024-06,PT018,11,9,9,2,0,10
2024-07,PT018,9,2,2,7,0,1
2024-08,PT018,11,10,10,1,0,12
2024-09,PT018,19,1,1,18,0,4
2024-10,PT018,9,12,9,0,3,9
2024-11,PT018,14,7,7,7,0,8
2024-12,PT018,12,9,9,3,0,6
2022-01,PT019,2,4,2,0,2,1
2022-02,PT019,1,2,1,0,1,0
2022-03,PT019,0,2,0,0,2,0
2022-04,PT019,1,2,1,0,1,0
2022-05,PT019,2,1,1,1,0,2
2022-06,PT019,2,0,0,2,0,0
2022-07,PT019,2,2,2,0,0,3
2022-08,PT019,4,0,0,4,0,1
2022-09,PT019,0,3,0,0,3,0
2022-10,PT019,2,4,2,0,2,1
2022-11,PT019,6,2,2,4,0,3
2022-12,PT019,8,1,1,7,0,4
2023-01,PT019,9,3,3,6,0,6
2023-02,PT019,7,4,4,3,0,4
2023-03,PT019,2,6,2,0,4,0
2023-04,PT019,14,8,8,6,0,10
2023-05,PT019,7,0,0,7,0,0
2023-06,PT019,12,10,10,2,0,14
2023-07,PT019,8,0,0,8,0,0
2023-08,PT019,12,14,12,0,2,11
2023-09,PT019,9,2,2,7,0,1
2023-10,PT019,15,11,11,4,0,14
2023-11,PT019,16,1,1,15,0,2
2023-12,PT019,10,14,10,0,4,11
2024-01,PT019,14,6,6,8,0,5
2024-02,PT019,15,11,11,4,0,11
2024-03,PT019,13,5,5,8,0,6
2024-04,PT019,9,11,9,0,2,7
2024-05,PT019,15,8,8,7,0,8
2024-06,PT019,14,7,7,7,0,8
2024-07,PT019,12,8,8,4,0,9
2024-08,PT019,12,8,8,4,0,7
2024-09,PT019,10,9,9,1,0,7
2024-10,PT019,10,7,7,3,0,6
2024-11,PT019,14,7,7,7,0,8
2024-12,PT019,17,6,6,11,0,9
2022-01,PT020,1,6,1,0,5,0
2022-02,PT020,2,5,2,0,3,0
2022-03,PT020,3,3,3,0,0,3
2022-04,PT020,5,3,3,2,0,4
2022-05,PT020,4,4,4,0,0,5
2022-06,PT020,1,5,1,0,4,0
2022-07,PT020,6,4,4,2,0,5
2022-08,PT020,6,5,5,1,0,6
2022-09,PT020,2,6,2,0,4,2
2022-10,PT020,10,6,6,4,0,8
2022-11,PT020,10,8,8,2,0,9
2022-12,PT020,8,9,8,0,1,11
2023-01,PT020,11,12,11,0,1,11
2023-02,PT020,15,12,12,3,0,14
2023-03,PT020,8,14,8,0,6,8
2023-04,PT020,12,14,12,0,2,12
2023-05,PT020,16,14,14,2,0,15
2023-06,PT020,17,15,15,2,0,18
2023-07,PT020,22,18,18,4,0,22
2023-08,PT020,12,22,12,0,10,11
2023-09,PT020,22,21,21,1,0,23
2023-10,PT020,22,23,22,0,1,22
2023-11,PT020,30,23,23,7,0,30
2023-12,PT020,20,30,20,0,10,19
2024-01,PT020,25,29,25,0,4,26
2024-02,PT020,19,30,19,0,11,15
2024-03,PT020,28,26,26,2,0,29
2024-04,PT020,27,29,27,0,2,28
2024-05,PT020,28,30,28,0,2,32
2024-06,PT020,26,34,26,0,8,25
2024-07,PT020,22,33,22,0,11,20
2024-08,PT020,23,31,23,0,8,21
2024-09,PT020,22,29,22,0,7,20
2024-10,PT020,41,27,27,14,0,35
2024-11,PT020,23,35,23,0,12,23
2024-12,PT020,15,35,15,0,20,12
2022-01,PT021,0,2,0,0,2,0
2022-02,PT021,0,2,0,0,2,0
2022-03,PT021,0,2,0,0,2,0
2022-04,PT021,1,2,1,0,1,0
2022-05,PT021,2,1,1,1,0,2
2022-06,PT021,1,2,1,0,1,1
2022-07,PT021,1,2,1,0,1,1
2022-08,PT021,3,2,2,1,0,2
2022-09,PT021,5,2,2,3,0,4
2022-10,PT021,0,4,0,0,4,0
2022-11,PT021,9,4,4,5,0,6
2022-12,PT021,1,6,1,0,5,0
2023-01,PT021,2,5,2,0,3,2
2023-02,PT021,3,5,3,0,2,1
2023-03,PT021,5,3,3,2,0,4
2023-04,PT021,3,4,3,0,1,4
2023-05,PT021,6,5,5,1,0,6
2023-06,PT021,1,6,1,0,5,0
2023-07,PT021,4,5,4,0,1,4
2023-08,PT021,3,5,3,0,2,2
2023-09,PT021,8,4,4,4,0,6
2023-10,PT021,9,6,6,3,0,8
2023-11,PT021,2,8,2,0,6,2
2023-12,PT021,11,8,8,3,0,9
2024-01,PT021,5,9,5,0,4,4
2024-02,PT021,5,8,5,0,3,6
2024-03,PT021,8,9,8,0,1,7
2024-04,PT021,9,8,8,1,0,9
2024-05,PT021,6,9,6,0,3,7
2024-06,PT021,5,10,5,0,5,3
2024-07,PT021,14,8,8,6,0,10
2024-08,PT021,6,10,6,0,4,6
2024-09,PT021,9,10,9,0,1,11
2024-10,PT021,7,12,7,0,5,4
2024-11,PT021,8,9,8,0,1,9
2024-12,PT021,7,10,7,0,3,6
2022-01,PT022,0,4,0,0,4,0
2022-02,PT022,0,4,0,0,4,0
2022-03,PT022,3,4,3,0,1,1
2022-04,PT022,2,1,1,1,0,1
2022-05,PT022,0,1,0,0,1,0
2022-06,PT022,0,2,0,0,2,0
2022-07,PT022,2,2,2,0,0,1
2022-08,PT022,2,0,0,2,0,1
2022-09,PT022,4,1,1,3,0,3
2022-10,PT022,1,1,1,0,0,0
2022-11,PT022,1,3,1,0,2,1
2022-12,PT022,6,2,2,4,0,3
2023-01,PT022,6,1,1,5,0,3
2023-02,PT022,6,3,3,3,0,5
2023-03,PT022,5,3,3,2,0,2
2023-04,PT022,5,5,5,0,0,5
2023-05,PT022,5,2,2,3,0,1
2023-06,PT022,5,5,5,0,0,5
2023-07,PT022,10,1,1,9,0,3
2023-08,PT022,11,5,5,6,0,8
2023-09,PT022,7,3,3,4,0,4
2023-10,PT022,5,8,5,0,3,3
2023-11,PT022,7,7,7,0,0,5
2023-12,PT022,5,3,3,2,0,2
2024-01,PT022,6,5,5,1,0,6
2024-02,PT022,9,2,2,7,0,2
2024-03,PT022,7,6,6,1,0,7
2024-04,PT022,8,2,2,6,0,3
2024-05,PT022,7,7,7,0,0,6
2024-06,PT022,4,3,3,1,0,2
2024-07,PT022,6,6,6,0,0,5
2024-08,PT022,16,2,2,14,0,6
2024-09,PT022,8,5,5,3,0,6
2024-10,PT022,10,6,6,4,0,8
2024-11,PT022,9,6,6,3,0,3
2024-12,PT022,12,8,8,4,0,10
2022-01,PT023,1,4,1,0,3,0
2022-02,PT023,1,3,1,0,2,0
2022-03,PT023,2,2,2,0,0,2
2022-04,PT023,1,2,1,0,1,1
2022-05,PT023,3,2,2,1,0,3
2022-06,PT023,4,3,3,1,0,4
2022-07,PT023,5,4,4,1,0,5
2022-08,PT023,6,5,5,1,0,6
2022-09,PT023,2,6,2,0,4,2
2022-10,PT023,6,6,6,0,0,6
2022-11,PT023,15,6,6,9,0,10
2022-12,PT023,10,10,10,0,0,13
2023-01,PT023,13,13,13,0,0,16
2023-02,PT023,7,16,7,0,9,3
2023-03,PT023,13,12,12,1,0,14
2023-04,PT023,13,14,13,0,1,13
2023-05,PT023,10,14,10,0,4,11
2023-06,PT023,11,15,11,0,4,10
2023-07,PT023,11,14,11,0,3,10
2023-08,PT023,14,13,13,1,0,15
2023-09,PT023,13,15,13,0,2,14
2023-10,PT023,24,16,16,8,0,21
2023-11,PT023,14,21,14,0,7,14
2023-12,PT023,25,21,21,4,0,26
2024-01,PT023,21,26,21,0,5,19
2024-02,PT023,10,24,10,0,14,9
2024-03,PT023,13,23,13,0,10,8
2024-04,PT023,15,18,15,0,3,13
2024-05,PT023,19,16,16,3,0,19
2024-06,PT023,20,19,19,1,0,22
2024-07,PT023,16,22,16,0,6,16
2024-08,PT023,18,22,18,0,4,18
2024-09,PT023,17,22,17,0,5,16
2024-10,PT023,21,21,21,0,0,23
2024-11,PT023,26,23,23,3,0,26
2024-12,PT023,18,26,18,0,8,18
2022-01,PT024,1,4,1,0,3,0
2022-02,PT024,0,3,0,0,3,0
2022-03,PT024,2,3,2,0,1,1
2022-04,PT024,7,2,2,5,0,4
2022-05,PT024,4,4,4,0,0,6
2022-06,PT024,2,6,2,0,4,2
2022-07,PT024,6,6,6,0,0,5
2022-08,PT024,6,5,5,1,0,6
2022-09,PT024,2,6,2,0,4,2
2022-10,PT024,6,6,6,0,0,6
2022-11,PT024,2,6,2,0,4,0
2022-12,PT024,5,4,4,1,0,6
2023-01,PT024,9,6,6,3,0,7
2023-02,PT024,7,7,7,0,0,9
2023-03,PT024,6,9,6,0,3,6
2023-04,PT024,1,9,1,0,8,0
2023-05,PT024,5,8,5,0,3,2
2023-06,PT024,6,5,5,1,0,5
2023-07,PT024,6,5,5,1,0,7
2023-08,PT024,7,7,7,0,0,8
2023-09,PT024,13,8,8,5,0,11
2023-10,PT024,9,11,9,0,2,10
2023-11,PT024,10,12,10,0,2,11
2023-12,PT024,11,13,11,0,2,10
2024-01,PT024,10,12,10,0,2,11
2024-02,PT024,11,13,11,0,2,11
2024-03,PT024,5,13,5,0,8,3
2024-04,PT024,6,11,6,0,5,4
2024-05,PT024,7,9,7,0,2,6
2024-06,PT024,9,8,8,1,0,9
2024-07,PT024,9,9,9,0,0,10
2024-08,PT024,14,10,10,4,0,13
2024-09,PT024,7,13,7,0,6,6
2024-10,PT024,7,12,7,0,5,7
2024-11,PT024,13,12,12,1,0,11
2024-12,PT024,13,11,11,2,0,14
2022-01,PT025,1,2,1,0,1,1
2022-02,PT025,0,2,0,0,2,0
2022-03,PT025,0,2,0,0,2,0
2022-04,PT025,2,2,2,0,0,1
2022-05,PT025,1,1,1,0,0,2
2022-06,PT025,2,2,2,0,0,2
2022-07,PT025,1,2,1,0,1,1
2022-08,PT025,1,2,1,0,1,1
2022-09,PT025,7,2,2,5,0,4
2022-10,PT025,4,4,4,0,0,5
2022-11,PT025,5,5,5,0,0,7
2022-12,PT025,3,7,3,0,4,1
2023-01,PT025,6,5,5,1,0,6
2023-02,PT025,7,6,6,1,0,7
2023-03,PT025,8,7,7,1,0,9
2023-04,PT025,8,9,8,0,1,9
2023-05,PT025,7,10,7,0,3,7
2023-06,PT025,9,10,9,0,1,9
2023-07,PT025,7,10,7,0,3,7
2023-08,PT025,4,10,4,0,6,2
2023-09,PT025,5,8,5,0,3,4
2023-10,PT025,18,7,7,11,0,11
2023-11,PT025,12,11,11,1,0,14
2023-12,PT025,11,14,11,0,3,14
2024-01,PT025,11,17,11,0,6,8
2024-02,PT025,7,14,7,0,7,5
2024-03,PT025,10,12,10,0,2,10
2024-04,PT025,12,12,12,0,0,12
2024-05,PT025,5,12,5,0,7,4
2024-06,PT025,10,11,10,0,1,10
2024-07,PT025,12,11,11,1,0,11
2024-08,PT025,6,11,6,0,5,7
2024-09,PT025,7,12,7,0,5,5
2024-10,PT025,7,10,7,0,3,5
2024-11,PT025,11,8,8,3,0,10
2024-12,PT025,11,10,10,1,0,12
2022-01,PT026,1,4,1,0,3,0
2022-02,PT026,0,3,0,0,3,0
2022-03,PT026,2,3,2,0,1,1
2022-04,PT026,1,1,1,0,0,1
2022-05,PT026,3,1,1,2,0,2
2022-06,PT026,1,1,1,0,0,0
2022-07,PT026,4,2,2,2,0,4
2022-08,PT026,1,0,0,1,0,0
2022-09,PT026,3,4,3,0,1,3
2022-10,PT026,4,1,1,3,0,1
2022-11,PT026,4,3,3,1,0,4
2022-12,PT026,3,1,1,2,0,1
2023-01,PT026,3,4,3,0,1,2
2023-02,PT026,7,2,2,5,0,4
2023-03,PT026,10,2,2,8,0,4
2023-04,PT026,10,4,4,6,0,7
2023-05,PT026,3,4,3,0,1,2
2023-06,PT026,9,8,8,1,0,7
2023-07,PT026,8,2,2,6,0,1
2023-08,PT026,6,7,6,0,1,8
2023-09,PT026,6,2,2,4,0,0
2023-10,PT026,14,8,8,6,0,11
2023-11,PT026,9,0,0,9,0,1
2023-12,PT026,10,11,10,0,1,12
2024-01,PT026,3,2,2,1,0,0
2024-02,PT026,11,12,11,0,1,9
2024-03,PT026,14,1,1,13,0,3
2024-04,PT026,9,9,9,0,0,11
2024-05,PT026,4,3,3,1,0,0
2024-06,PT026,9,11,9,0,2,7
2024-07,PT026,12,2,2,10,0,3
2024-08,PT026,11,7,7,4,0,10
2024-09,PT026,11,3,3,8,0,4
2024-10,PT026,11,10,10,1,0,10
2024-11,PT026,9,4,4,5,0,3
2024-12,PT026,16,10,10,6,0,12
2022-01,PT027,0,2,0,0,2,0
2022-02,PT027,0,2,0,0,2,0
2022-03,PT027,1,2,1,0,1,0
2022-04,PT027,1,1,1,0,0,1
2022-05,PT027,3,0,0,3,0,1
2022-06,PT027,1,1,1,0,0,1
2022-07,PT027,2,1,1,1,0,2
2022-08,PT027,1,1,1,0,0,0
2022-09,PT027,1,2,1,0,1,1
2022-10,PT027,4,1,1,3,0,2
2022-11,PT027,5,1,1,4,0,2
2022-12,PT027,0,2,0,0,2,0
2023-01,PT027,4,4,4,0,0,4
2023-02,PT027,1,0,0,1,0,0
2023-03,PT027,2,4,2,0,2,1
2023-04,PT027,5,2,2,3,0,3
2023-05,PT027,7,1,1,6,0,3
2023-06,PT027,7,3,3,4,0,5
2023-07,PT027,7,3,3,4,0,4
2023-08,PT027,1,5,1,0,4,0
2023-09,PT027,2,8,2,0,6,0
2023-10,PT027,7,6,6,1,0,4
2023-11,PT027,6,0,0,6,0,2
2023-12,PT027,10,4,4,6,0,8
2024-01,PT027,6,2,2,4,0,1
2024-02,PT027,3,8,3,0,5,2
2024-03,PT027,3,6,3,0,3,0
2024-04,PT027,4,5,4,0,1,3
2024-05,PT027,7,1,1,6,0,3
2024-06,PT027,6,3,3,3,0,4
2024-07,PT027,2,3,2,0,1,1
2024-08,PT027,10,5,5,5,0,7
2024-09,PT027,4,1,1,3,0,0
2024-10,PT027,10,7,7,3,0,10
2024-11,PT027,5,0,0,5,0,0
2024-12,PT027,7,10,7,0,3,6
2022-01,PT028,0,2,0,0,2,0
2022-02,PT028,0,2,0,0,2,0
2022-03,PT028,1,2,1,0,1,0
2022-04,PT028,1,1,1,0,0,1
2022-05,PT028,1,1,1,0,0,2
2022-06,PT028,3,2,2,1,0,2
2022-07,PT028,2,2,2,0,0,3
2022-08,PT028,6,3,3,3,0,5
2022-09,PT028,5,5,5,0,0,6
2022-10,PT028,6,6,6,0,0,7
2022-11,PT028,4,7,4,0,3,3
2022-12,PT028,5,6,5,0,1,5
2023-01,PT028,4,6,4,0,2,4
2023-02,PT028,2,6,2,0,4,1
2023-03,PT028,2,5,2,0,3,1
2023-04,PT028,6,4,4,2,0,4
2023-05,PT028,7,4,4,3,0,6
2023-06,PT028,2,6,2,0,4,2
2023-07,PT028,5,6,5,0,1,5
2023-08,PT028,6,6,6,0,0,6
2023-09,PT028,11,6,6,5,0,9
2023-10,PT028,6,9,6,0,3,7
2023-11,PT028,10,10,10,0,0,11
2023-12,PT028,11,11,11,0,0,11
2024-01,PT028,7,11,7,0,4,8
2024-02,PT028,10,12,10,0,2,10
2024-03,PT028,8,12,8,0,4,6
2024-04,PT028,9,10,9,0,1,10
2024-05,PT028,10,11,10,0,1,10
2024-06,PT028,5,11,5,0,6,4
2024-07,PT028,7,10,7,0,3,6
2024-08,PT028,5,9,5,0,4,3
2024-09,PT028,5,7,5,0,2,5
2024-10,PT028,9,7,7,2,0,8
2024-11,PT028,8,8,8,0,0,9
2024-12,PT028,5,9,5,0,4,5
2022-01,PT029,1,6,1,0,5,0
2022-02,PT029,3,5,3,0,2,1
2022-03,PT029,2,3,2,0,1,2
2022-04,PT029,1,3,1,0,2,1
2022-05,PT029,1,3,1,0,2,0
2022-06,PT029,1,2,1,0,1,1
2022-07,PT029,1,2,1,0,1,1
2022-08,PT029,3,2,2,1,0,2
2022-09,PT029,5,2,2,3,0,4
2022-10,PT029,2,4,2,0,2,2
2022-11,PT029,3,4,3,0,1,3
2022-12,PT029,0,4,0,0,4,0
2023-01,PT029,4,4,4,0,0,3
2023-02,PT029,2,3,2,0,1,2
2023-03,PT029,4,3,3,1,0,4
2023-04,PT029,4,4,4,0,0,4
2023-05,PT029,3,4,3,0,1,4
2023-06,PT029,5,5,5,0,0,5
2023-07,PT029,5,5,5,0,0,6
2023-08,PT029,9,6,6,3,0,8
2023-09,PT029,6,8,6,0,2,6
2023-10,PT029,5,8,5,0,3,5
2023-11,PT029,9,8,8,1,0,8
2023-12,PT029,3,8,3,0,5,2
2024-01,PT029,10,7,7,3,0,9
2024-02,PT029,8,9,8,0,1,8
2024-03,PT029,8,9,8,0,1,10
2024-04,PT029,9,11,9,0,2,8
2024-05,PT029,10,10,10,0,0,11
2024-06,PT029,2,11,2,0,9,0
2024-07,PT029,5,9,5,0,4,3
2024-08,PT029,11,7,7,4,0,8
2024-09,PT029,10,8,8,2,0,11
2024-10,PT029,11,11,11,0,0,13
2024-11,PT029,10,13,10,0,3,10
2024-12,PT029,8,13,8,0,5,7
2022-01,PT030,1,4,1,0,3,0
2022-02,PT030,1,3,1,0,2,0
2022-03,PT030,1,2,1,0,1,1
2022-04,PT030,0,1,0,0,1,0
2022-05,PT030,0,2,0,0,2,0
2022-06,PT030,2,2,2,0,0,1
2022-07,PT030,2,0,0,2,0,1
2022-08,PT030,2,1,1,1,0,2
2022-09,PT030,2,1,1,1,0,1
2022-10,PT030,2,2,2,0,0,2
2022-11,PT030,1,1,1,0,0,0
2022-12,PT030,1,2,1,0,1,1
2023-01,PT030,1,1,1,0,0,1
2023-02,PT030,3,1,1,2,0,1
2023-03,PT030,2,1,1,1,0,2
2023-04,PT030,1,1,1,0,0,1
2023-05,PT030,3,2,2,1,0,2
2023-06,PT030,3,1,1,2,0,1
2023-07,PT030,1,2,1,0,1,1
2023-08,PT030,0,2,0,0,2,0
2023-09,PT030,4,3,3,1,0,2
2023-10,PT030,3,0,0,3,0,1
2023-11,PT030,1,2,1,0,1,2
2023-12,PT030,2,2,2,0,0,1
2024-01,PT030,5,2,2,3,0,3
2024-02,PT030,5,1,1,4,0,2
2024-03,PT030,5,3,3,2,0,4
2024-04,PT030,3,2,2,1,0,2
2024-05,PT030,3,4,3,0,1,2
2024-06,PT030,2,3,2,0,1,1
2024-07,PT030,2,3,2,0,1,1
2024-08,PT030,3,2,2,1,0,2
2024-09,PT030,4,1,1,3,0,2
2024-10,PT030,3,2,2,1,0,2
2024-11,PT030,3,2,2,1,0,2
2024-12,PT030,5,2,2,3,0,3
2022-01,PT031,0,2,0,0,2,0
2022-02,PT031,0,2,0,0,2,0
2022-03,PT031,0,2,0,0,2,0
2022-04,PT031,2,2,2,0,0,1
2022-05,PT031,1,1,1,0,0,2
2022-06,PT031,1,2,1,0,1,1
2022-07,PT031,1,2,1,0,1,1
2022-08,PT031,0,2,0,0,2,0
2022-09,PT031,0,2,0,0,2,0
2022-10,PT031,1,2,1,0,1,0
2022-11,PT031,1,1,1,0,0,1
2022-12,PT031,0,1,0,0,1,0
2023-01,PT031,0,1,0,0,1,0
2023-02,PT031,1,1,1,0,0,1
2023-03,PT031,0,1,0,0,1,0
2023-04,PT031,0,1,0,0,1,0
2023-05,PT031,2,1,1,1,0,1
2023-06,PT031,2,1,1,1,0,2
2023-07,PT031,1,2,1,0,1,1
2023-08,PT031,4,2,2,2,0,3
2023-09,PT031,2,3,2,0,1,2
2023-10,PT031,3,3,3,0,0,4
2023-11,PT031,2,4,2,0,2,1
2023-12,PT031,0,3,0,0,3,0
2024-01,PT031,1,3,1,0,2,0
2024-02,PT031,2,2,2,0,0,2
2024-03,PT031,1,2,1,0,1,1
2024-04,PT031,1,2,1,0,1,1
2024-05,PT031,4,2,2,2,0,3
2024-06,PT031,3,3,3,0,0,4
2024-07,PT031,2,4,2,0,2,2
2024-08,PT031,3,4,3,0,1,3
2024-09,PT031,2,4,2,0,2,1
2024-10,PT031,1,3,1,0,2,1
2024-11,PT031,1,3,1,0,2,0
2024-12,PT031,4,2,2,2,0,3
2022-01,PT032,0,2,0,0,2,0
2022-02,PT032,0,2,0,0,2,0
2022-03,PT032,1,2,1,0,1,0
2022-04,PT032,0,1,0,0,1,0
2022-05,PT032,2,1,1,1,0,2
2022-06,PT032,1,2,1,0,1,1
2022-07,PT032,0,2,0,0,2,0
2022-08,PT032,3,2,2,1,0,2
2022-09,PT032,0,2,0,0,2,0
2022-10,PT032,0,2,0,0,2,0
2022-11,PT032,0,2,0,0,2,0
2022-12,PT032,0,2,0,0,2,0
2023-01,PT032,2,2,2,0,0,1
2023-02,PT032,1,1,1,0,0,2
2023-03,PT032,1,2,1,0,1,1
2023-04,PT032,1,2,1,0,1,1
2023-05,PT032,1,2,1,0,1,1
2023-06,PT032,3,2,2,1,0,2
2023-07,PT032,0,2,0,0,2,0
2023-08,PT032,2,2,2,0,0,2
2023-09,PT032,2,2,2,0,0,2
2023-10,PT032,3,2,2,1,0,3
2023-11,PT032,3,3,3,0,0,4
2023-12,PT032,2,4,2,0,2,2
2024-01,PT032,2,4,2,0,2,1
2024-02,PT032,0,3,0,0,3,0
2024-03,PT032,1,3,1,0,2,0
2024-04,PT032,1,2,1,0,1,0
2024-05,PT032,1,1,1,0,0,2
2024-06,PT032,2,2,2,0,0,2
2024-07,PT032,3,2,2,1,0,3
2024-08,PT032,3,3,3,0,0,4
2024-09,PT032,4,4,4,0,0,4
2024-10,PT032,3,4,3,0,1,3
2024-11,PT032,3,4,3,0,1,3
2024-12,PT032,3,4,3,0,1,3
2022-01,PT033,0,2,0,0,2,0
2022-02,PT033,0,2,0,0,2,0
2022-03,PT033,0,2,0,0,2,0
2022-04,PT033,0,2,0,0,2,0
2022-05,PT033,1,2,1,0,1,0
2022-06,PT033,3,1,1,2,0,2
2022-07,PT033,7,2,2,5,0,5
2022-08,PT033,4,5,4,0,1,5
2022-09,PT033,11,6,6,5,0,9
2022-10,PT033,11,9,9,2,0,11
2022-11,PT033,7,11,7,0,4,8
2022-12,PT033,10,12,10,0,2,10
2023-01,PT033,9,12,9,0,3,8
2023-02,PT033,8,11,8,0,3,8
2023-03,PT033,6,11,6,0,5,5
2023-04,PT033,14,10,10,4,0,12
2023-05,PT033,8,12,8,0,4,8
2023-06,PT033,8,12,8,0,4,8
2023-07,PT033,17,12,12,5,0,14
2023-08,PT033,21,14,14,7,0,19
2023-09,PT033,13,19,13,0,6,15
2023-10,PT033,23,21,21,2,0,23
2023-11,PT033,23,23,23,0,0,24
2023-12,PT033,22,24,22,0,2,26
2024-01,PT033,19,28,19,0,9,17
2024-02,PT033,21,26,21,0,5,20
2024-03,PT033,17,25,17,0,8,15
2024-04,PT033,23,23,23,0,0,25
2024-05,PT033,21,25,21,0,4,21
2024-06,PT033,23,25,23,0,2,25
2024-07,PT033,22,27,22,0,5,22
2024-08,PT033,20,27,20,0,7,19
2024-09,PT033,21,26,21,0,5,21
2024-10,PT033,15,26,15,0,11,12
2024-11,PT033,16,23,16,0,7,14
2024-12,PT033,21,21,21,0,0,21
2022-01,PT034,0,2,0,0,2,0
2022-02,PT034,1,2,1,0,1,0
2022-03,PT034,0,1,0,0,1,0
2022-04,PT034,1,1,1,0,0,1
2022-05,PT034,0,1,0,0,1,0
2022-06,PT034,0,1,0,0,1,0
2022-07,PT034,3,1,1,2,0,2
2022-08,PT034,3,2,2,1,0,3
2022-09,PT034,2,3,2,0,1,3
2022-10,PT034,1,4,1,0,3,0
2022-11,PT034,3,3,3,0,0,3
2022-12,PT034,1,3,1,0,2,0
2023-01,PT034,0,2,0,0,2,0
2023-02,PT034,2,2,2,0,0,2
2023-03,PT034,1,2,1,0,1,1
2023-04,PT034,3,2,2,1,0,3
2023-05,PT034,4,3,3,1,0,4
2023-06,PT034,3,4,3,0,1,3
2023-07,PT034,0,4,0,0,4,0
2023-08,PT034,2,4,2,0,2,0
2023-09,PT034,0,2,0,0,2,0
2023-10,PT034,3,2,2,1,0,2
2023-11,PT034,1,2,1,0,1,1
2023-12,PT034,8,2,2,6,0,5
2024-01,PT034,2,5,2,0,3,2
2024-02,PT034,2,5,2,0,3,2
2024-03,PT034,4,5,4,0,1,3
2024-04,PT034,5,4,4,1,0,5
2024-05,PT034,6,5,5,1,0,6
2024-06,PT034,4,6,4,0,2,4
2024-07,PT034,1,6,1,0,5,0
2024-08,PT034,2,5,2,0,3,0
2024-09,PT034,3,3,3,0,0,3
2024-10,PT034,1,3,1,0,2,1
2024-11,PT034,2,3,2,0,1,2
2024-12,PT034,4,3,3,1,0,3
2022-01,PT035,1,4,1,0,3,0
2022-02,PT035,2,3,2,0,1,1
2022-03,PT035,1,2,1,0,1,1
2022-04,PT035,4,2,2,2,0,3
2022-05,PT035,6,3,3,3,0,5
2022-06,PT035,4,5,4,0,1,5
2022-07,PT035,9,6,6,3,0,8
2022-08,PT035,6,8,6,0,2,6
2022-09,PT035,3,8,3,0,5,3
2022-10,PT035,5,8,5,0,3,3
2022-11,PT035,8,6,6,2,0,7
2022-12,PT035,13,7,7,6,0,11
2023-01,PT035,6,11,6,0,5,6
2023-02,PT035,20,11,11,9,0,16
2023-03,PT035,11,16,11,0,5,10
2023-04,PT035,14,15,14,0,1,17
2023-05,PT035,15,18,15,0,3,13
2023-06,PT035,15,16,15,0,1,17
2023-07,PT035,16,18,16,0,2,17
2023-08,PT035,25,19,19,6,0,23
2023-09,PT035,21,23,21,0,2,23
2023-10,PT035,23,25,23,0,2,26
2023-11,PT035,23,28,23,0,5,22
2023-12,PT035,17,27,17,0,10,16
2024-01,PT035,17,26,17,0,9,14
2024-02,PT035,18,23,18,0,5,16
2024-03,PT035,28,21,21,7,0,26
2024-04,PT035,15,26,15,0,11,14
2024-05,PT035,23,25,23,0,2,25
2024-06,PT035,22,27,22,0,5,19
2024-07,PT035,27,24,24,3,0,29
2024-08,PT035,24,29,24,0,5,25
2024-09,PT035,28,30,28,0,2,30
2024-10,PT035,33,32,32,1,0,34
2024-11,PT035,29,34,29,0,5,31
2024-12,PT035,20,36,20,0,16,17
2022-01,PT036,1,4,1,0,3,0
2022-02,PT036,0,3,0,0,3,0
2022-03,PT036,3,3,3,0,0,2
2022-04,PT036,1,2,1,0,1,1
2022-05,PT036,0,2,0,0,2,0
2022-06,PT036,2,2,2,0,0,2
2022-07,PT036,2,2,2,0,0,2
2022-08,PT036,4,2,2,2,0,4
2022-09,PT036,2,4,2,0,2,2
2022-10,PT036,1,4,1,0,3,0
2022-11,PT036,5,3,3,2,0,4
2022-12,PT036,4,4,4,0,0,4
2023-01,PT036,3,4,3,0,1,4
2023-02,PT036,6,5,5,1,0,6
2023-03,PT036,5,6,5,0,1,5
2023-04,PT036,4,6,4,0,2,4
2023-05,PT036,6,6,6,0,0,6
2023-06,PT036,3,6,3,0,3,3
2023-07,PT036,4,6,4,0,2,4
2023-08,PT036,5,6,5,0,1,4
2023-09,PT036,8,5,5,3,0,7
2023-10,PT036,6,7,6,0,1,7
2023-11,PT036,6,8,6,0,2,6
2023-12,PT036,11,8,8,3,0,10
2024-01,PT036,7,10,7,0,3,7
2024-02,PT036,7,10,7,0,3,7
2024-03,PT036,18,10,10,8,0,13
2024-04,PT036,7,13,7,0,6,7
2024-05,PT036,4,13,4,0,9,3
2024-06,PT036,5,12,5,0,7,0
2024-07,PT036,5,7,5,0,2,4
2024-08,PT036,9,6,6,3,0,8
2024-09,PT036,7,8,7,0,1,8
2024-10,PT036,10,9,9,1,0,11
2024-11,PT036,5,11,5,0,6,3
2024-12,PT036,8,9,8,0,1,9
2022-01,PT037,0,3,0,0,3,0
2022-02,PT037,2,3,2,0,1,1
2022-03,PT037,0,2,0,0,2,0
2022-04,PT037,6,2,2,4,0,4
2022-05,PT037,7,4,4,3,0,6
2022-06,PT037,7,6,6,1,0,8
2022-07,PT037,2,8,2,0,6,1
2022-08,PT037,7,7,7,0,0,7
2022-09,PT037,2,7,2,0,5,0
2022-10,PT037,4,5,4,0,1,5
2022-11,PT037,4,6,4,0,2,2
2022-12,PT037,14,4,4,10,0,9
2023-01,PT037,5,9,5,0,4,6
2023-02,PT037,13,10,10,3,0,13
2023-03,PT037,11,13,11,0,2,10
2023-04,PT037,13,12,12,1,0,15
2023-05,PT037,12,15,12,0,3,12
2023-06,PT037,10,15,10,0,5,9
2023-07,PT037,13,14,13,0,1,13
2023-08,PT037,13,14,13,0,1,14
2023-09,PT037,16,15,15,1,0,17
2023-10,PT037,22,17,17,5,0,21
2023-11,PT037,16,21,16,0,5,17
2023-12,PT037,11,22,11,0,11,9
2024-01,PT037,15,20,15,0,5,12
2024-02,PT037,15,17,15,0,2,15
2024-03,PT037,19,17,17,2,0,20
2024-04,PT037,11,20,11,0,9,9
2024-05,PT037,13,18,13,0,5,13
2024-06,PT037,16,18,16,0,2,14
2024-07,PT037,14,16,14,0,2,16
2024-08,PT037,11,18,11,0,7,10
2024-09,PT037,18,17,17,1,0,18
2024-10,PT037,11,18,11,0,7,9
2024-11,PT037,14,16,14,0,2,16
2024-12,PT037,21,18,18,3,0,19
2022-01,PT038,2,5,2,0,3,0
2022-02,PT038,1,3,1,0,2,0
2022-03,PT038,2,2,2,0,0,2
2022-04,PT038,3,2,2,1,0,3
2022-05,PT038,4,3,3,1,0,4
2022-06,PT038,4,4,4,0,0,5
2022-07,PT038,10,5,5,5,0,8
2022-08,PT038,5,8,5,0,3,5
2022-09,PT038,10,8,8,2,0,10
2022-10,PT038,9,10,9,0,1,9
2022-11,PT038,10,10,10,0,0,12
2022-12,PT038,9,12,9,0,3,9
2023-01,PT038,13,12,12,1,0,13
2023-02,PT038,10,13,10,0,3,10
2023-03,PT038,12,13,12,0,1,13
2023-04,PT038,16,14,14,2,0,16
2023-05,PT038,14,16,14,0,2,15
2023-06,PT038,13,17,13,0,4,14
2023-07,PT038,14,18,14,0,4,13
2023-08,PT038,19,17,17,2,0,19
2023-09,PT038,20,19,19,1,0,22
2023-10,PT038,17,22,17,0,5,18
2023-11,PT038,19,23,19,0,4,19
2023-12,PT038,18,23,18,0,5,17
2024-01,PT038,27,22,22,5,0,26
2024-02,PT038,25,26,25,0,1,27
2024-03,PT038,19,28,19,0,9,20
2024-04,PT038,24,29,24,0,5,23
2024-05,PT038,20,28,20,0,8,18
2024-06,PT038,26,26,26,0,0,28
2024-07,PT038,20,28,20,0,8,19
2024-08,PT038,24,27,24,0,3,25
2024-09,PT038,25,28,25,0,3,25
2024-10,PT038,20,28,20,0,8,20
2024-11,PT038,31,28,28,3,0,31
2024-12,PT038,28,31,28,0,3,29
2022-01,PT039,1,5,1,0,4,0
2022-02,PT039,1,4,1,0,3,0
2022-03,PT039,3,3,3,0,0,2
2022-04,PT039,3,0,0,3,0,1
2022-05,PT039,3,2,2,1,0,3
2022-06,PT039,3,1,1,2,0,1
2022-07,PT039,1,3,1,0,2,0
2022-08,PT039,4,3,3,1,0,4
2022-09,PT039,6,0,0,6,0,1
2022-10,PT039,4,4,4,0,0,5
2022-11,PT039,11,1,1,10,0,4
2022-12,PT039,7,5,5,2,0,5
2023-01,PT039,7,4,4,3,0,5
2023-02,PT039,16,5,5,11,0,7
2023-03,PT039,13,5,5,8,0,8
2023-04,PT039,15,7,7,8,0,10
2023-05,PT039,11,8,8,3,0,6
2023-06,PT039,16,10,10,6,0,11
2023-07,PT039,13,6,6,7,0,5
2023-08,PT039,9,11,9,0,2,9
2023-09,PT039,9,7,7,2,0,4
2023-10,PT039,16,9,9,7,0,10
2023-11,PT039,21,4,4,17,0,9
2023-12,PT039,16,10,10,6,0,13
2024-01,PT039,17,9,9,8,0,9
2024-02,PT039,21,13,13,8,0,13
2024-03,PT039,15,9,9,6,0,9
2024-04,PT039,18,13,13,5,0,13
2024-05,PT039,16,9,9,7,0,7
2024-06,PT039,22,13,13,9,0,16
2024-07,PT039,16,7,7,9,0,6
2024-08,PT039,22,16,16,6,0,18
2024-09,PT039,14,6,6,8,0,3
2024-10,PT039,11,18,11,0,7,9
2024-11,PT039,24,10,10,14,0,11
2024-12,PT039,19,9,9,10,0,11
2022-01,PT040,1,4,1,0,3,0
2022-02,PT040,0,3,0,0,3,0
2022-03,PT040,3,3,3,0,0,2
2022-04,PT040,1,2,1,0,1,1
2022-05,PT040,4,2,2,2,0,4
2022-06,PT040,2,4,2,0,2,1
2022-07,PT040,2,3,2,0,1,3
2022-08,PT040,3,4,3,0,1,2
2022-09,PT040,7,3,3,4,0,5
2022-10,PT040,5,5,5,0,0,6
2022-11,PT040,10,6,6,4,0,9
2022-12,PT040,4,9,4,0,5,3
2023-01,PT040,6,8,6,0,2,6
2023-02,PT040,6,8,6,0,2,5
2023-03,PT040,3,7,3,0,4,2
2023-04,PT040,8,6,6,2,0,7
2023-05,PT040,5,7,5,0,2,5
2023-06,PT040,9,7,7,2,0,9
2023-07,PT040,7,9,7,0,2,7
2023-08,PT040,10,9,9,1,0,11
2023-09,PT040,11,11,11,0,0,12
2023-10,PT040,3,12,3,0,9,1
2023-11,PT040,14,10,10,4,0,12
2023-12,PT040,8,12,8,0,4,6
2024-01,PT040,13,10,10,3,0,14
2024-02,PT040,16,14,14,2,0,15
2024-03,PT040,11,15,11,0,4,12
2024-04,PT040,13,16,13,0,3,13
2024-05,PT040,13,16,13,0,3,12
2024-06,PT040,16,15,15,1,0,17
2024-07,PT040,17,17,17,0,0,19
2024-08,PT040,9,19,9,0,10,7
2024-09,PT040,10,17,10,0,7,8
2024-10,PT040,19,15,15,4,0,16
2024-11,PT040,11,16,11,0,5,11
2024-12,PT040,13,16,13,0,3,15
2022-01,PT041,0,4,0,0,4,0
2022-02,PT041,2,4,2,0,2,0
2022-03,PT041,2,2,2,0,0,2
2022-04,PT041,1,0,0,1,0,0
2022-05,PT041,0,2,0,0,2,0
2022-06,PT041,3,2,2,1,0,2
2022-07,PT041,2,0,0,2,0,0
2022-08,PT041,0,2,0,0,2,0
2022-09,PT041,0,2,0,0,2,0
2022-10,PT041,3,2,2,1,0,2
2022-11,PT041,3,0,0,3,0,1
2022-12,PT041,5,2,2,3,0,4
2023-01,PT041,4,1,1,3,0,1
2023-02,PT041,3,4,3,0,1,3
2023-03,PT041,5,2,2,3,0,2
2023-04,PT041,3,3,3,0,0,3
2023-05,PT041,6,2,2,4,0,3
2023-06,PT041,3,3,3,0,0,2
2023-07,PT041,5,3,3,2,0,4
2023-08,PT041,3,2,2,1,0,1
2023-09,PT041,4,4,4,0,0,4
2023-10,PT041,4,1,1,3,0,1
2023-11,PT041,13,4,4,9,0,8
2023-12,PT041,12,1,1,11,0,4
2024-01,PT041,6,8,6,0,2,7
2024-02,PT041,8,6,6,2,0,4
2024-03,PT041,8,7,7,1,0,5
2024-04,PT041,7,4,4,3,0,5
2024-05,PT041,3,5,3,0,2,1
2024-06,PT041,2,7,2,0,5,0
2024-07,PT041,10,6,6,4,0,6
2024-08,PT041,7,0,0,7,0,2
2024-09,PT041,8,6,6,2,0,8
2024-10,PT041,7,2,2,5,0,1
2024-11,PT041,8,8,8,0,0,9
2024-12,PT041,6,1,1,5,0,0
2022-01,PT042,0,7,0,0,7,0
2022-02,PT042,5,7,5,0,2,1
2022-03,PT042,3,3,3,0,0,4
2022-04,PT042,6,4,4,2,0,6
2022-05,PT042,5,6,5,0,1,5
2022-06,PT042,12,6,6,6,0,10
2022-07,PT042,16,10,10,6,0,14
2022-08,PT042,9,14,9,0,5,10
2022-09,PT042,14,15,14,0,1,15
2022-10,PT042,10,16,10,0,6,8
2022-11,PT042,11,14,11,0,3,11
2022-12,PT042,17,14,14,3,0,16
2023-01,PT042,21,16,16,5,0,20
2023-02,PT042,12,20,12,0,8,12
2023-03,PT042,19,20,19,0,1,20
2023-04,PT042,17,21,17,0,4,16
2023-05,PT042,24,20,20,4,0,24
2023-06,PT042,24,24,24,0,0,26
2023-07,PT042,16,26,16,0,10,16
2023-08,PT042,18,26,18,0,8,16
2023-09,PT042,28,24,24,4,0,25
2023-10,PT042,28,25,25,3,0,30
2023-11,PT042,26,30,26,0,4,29
2023-12,PT042,26,33,26,0,7,25
2024-01,PT042,33,32,32,1,0,34
2024-02,PT042,34,34,34,0,0,38
2024-03,PT042,34,38,34,0,4,37
2024-04,PT042,27,41,27,0,14,24
2024-05,PT042,27,38,27,0,11,25
2024-06,PT042,40,36,36,4,0,38
2024-07,PT042,30,38,30,0,8,31
2024-08,PT042,32,39,32,0,7,34
2024-09,PT042,28,41,28,0,13,23
2024-10,PT042,25,36,25,0,11,23
2024-11,PT042,37,34,34,3,0,36
2024-12,PT042,35,36,35,0,1,38
2022-01,PT043,0,4,0,0,4,0
2022-02,PT043,1,4,1,0,3,0
2022-03,PT043,3,3,3,0,0,2
2022-04,PT043,2,0,0,2,0,1
2022-05,PT043,5,2,2,3,0,3
2022-06,PT043,7,1,1,6,0,3
2022-07,PT043,13,3,3,10,0,7
2022-08,PT043,5,3,3,2,0,3
2022-09,PT043,8,7,7,1,0,8
2022-10,PT043,6,3,3,3,0,0
2022-11,PT043,9,8,8,1,0,10
2022-12,PT043,15,0,0,15,0,2
2023-01,PT043,17,10,10,7,0,15
2023-02,PT043,19,2,2,17,0,6
2023-03,PT043,19,15,15,4,0,16
2023-04,PT043,17,6,6,11,0,6
2023-05,PT043,20,16,16,4,0,17
2023-06,PT043,16,6,6,10,0,5
2023-07,PT043,14,17,14,0,3,12
2023-08,PT043,18,8,8,10,0,8
2023-09,PT043,26,12,12,14,0,16
2023-10,PT043,19,8,8,11,0,10
2023-11,PT043,13,16,13,0,3,11
2023-12,PT043,26,13,13,13,0,13
2024-01,PT043,27,11,11,16,0,14
2024-02,PT043,30,13,13,17,0,20
2024-03,PT043,28,14,14,14,0,14
2024-04,PT043,24,20,20,4,0,19
2024-05,PT043,20,14,14,6,0,10
2024-06,PT043,23,19,19,4,0,17
2024-07,PT043,25,10,10,15,0,11
2024-08,PT043,20,17,17,3,0,17
2024-09,PT043,26,11,11,15,0,12
2024-10,PT043,29,17,17,12,0,18
2024-11,PT043,18,12,12,6,0,12
2024-12,PT043,32,18,18,14,0,20
2022-01,PT044,0,3,0,0,3,0
2022-02,PT044,1,3,1,0,2,0
2022-03,PT044,1,2,1,0,1,0
2022-04,PT044,1,1,1,0,0,2
2022-05,PT044,1,2,1,0,1,1
2022-06,PT044,5,2,2,3,0,3
2022-07,PT044,1,3,1,0,2,1
2022-08,PT044,3,3,3,0,0,4
2022-09,PT044,1,4,1,0,3,0
2022-10,PT044,4,3,3,1,0,4
2022-11,PT044,2,4,2,0,2,1
2022-12,PT044,7,3,3,4,0,6
2023-01,PT044,4,6,4,0,2,4
2023-02,PT044,4,6,4,0,2,4
2023-03,PT044,7,6,6,1,0,6
2023-04,PT044,5,6,5,0,1,6
2023-05,PT044,3,7,3,0,4,2
2023-06,PT044,8,6,6,2,0,7
2023-07,PT044,3,7,3,0,4,2
2023-08,PT044,13,6,6,7,0,10
2023-09,PT044,3,10,3,0,7,1
2023-10,PT044,11,8,8,3,0,11
2023-11,PT044,14,11,11,3,0,12
2023-12,PT044,16,12,12,4,0,17
2024-01,PT044,13,17,13,0,4,14
2024-02,PT044,11,18,11,0,7,9
2024-03,PT044,8,16,8,0,8,5
2024-04,PT044,7,13,7,0,6,5
2024-05,PT044,5,11,5,0,6,2
2024-06,PT044,11,8,8,3,0,10
2024-07,PT044,17,10,10,7,0,14
2024-08,PT044,6,14,6,0,8,6
2024-09,PT044,13,14,13,0,1,14
2024-10,PT044,14,15,14,0,1,13
2024-11,PT044,14,14,14,0,0,17
2024-12,PT044,14,17,14,0,3,14
2022-01,PT045,0,2,0,0,2,0
2022-02,PT045,0,2,0,0,2,0
2022-03,PT045,0,2,0,0,2,0
2022-04,PT045,2,2,2,0,0,1
2022-05,PT045,3,1,1,2,0,2
2022-06,PT045,3,2,2,1,0,4
2022-07,PT045,2,4,2,0,2,2
2022-08,PT045,7,4,4,3,0,5
2022-09,PT045,3,5,3,0,2,3
2022-10,PT045,6,5,5,1,0,7
2022-11,PT045,4,7,4,0,3,3
2022-12,PT045,9,6,6,3,0,8
2023-01,PT045,8,8,8,0,0,9
2023-02,PT045,6,9,6,0,3,7
2023-03,PT045,14,10,10,4,0,12
2023-04,PT045,10,12,10,0,2,10
2023-05,PT045,8,12,8,0,4,9
2023-06,PT045,14,13,13,1,0,13
2023-07,PT045,10,13,10,0,3,10
2023-08,PT045,13,13,13,0,0,15
2023-09,PT045,13,15,13,0,2,13
2023-10,PT045,9,15,9,0,6,8
2023-11,PT045,11,14,11,0,3,11
2023-12,PT045,19,14,14,5,0,16
2024-01,PT045,16,16,16,0,0,19
2024-02,PT045,14,19,14,0,5,15
2024-03,PT045,17,20,17,0,3,16
2024-04,PT045,12,19,12,0,7,11
2024-05,PT045,17,18,17,0,1,18
2024-06,PT045,16,19,16,0,3,15
2024-07,PT045,20,18,18,2,0,22
2024-08,PT045,19,22,19,0,3,19
2024-09,PT045,11,22,11,0,11,9
2024-10,PT045,9,20,9,0,11,5
2024-11,PT045,11,16,11,0,5,8
2024-12,PT045,18,13,13,5,0,16
2022-01,PT046,1,3,1,0,2,0
2022-02,PT046,0,2,0,0,2,0
2022-03,PT046,1,2,1,0,1,0
2022-04,PT046,0,1,0,0,1,0
2022-05,PT046,2,1,1,1,0,2
2022-06,PT046,4,0,0,4,0,1
2022-07,PT046,2,2,2,0,0,3
2022-08,PT046,4,1,1,3,0,1
2022-09,PT046,6,3,3,3,0,4
2022-10,PT046,7,1,1,6,0,3
2022-11,PT046,11,4,4,7,0,7
2022-12,PT046,4,3,3,1,0,2
2023-01,PT046,3,7,3,0,4,2
2023-02,PT046,10,6,6,4,0,5
2023-03,PT046,5,2,2,3,0,3
2023-04,PT046,3,5,3,0,2,3
2023-05,PT046,9,5,5,4,0,4
2023-06,PT046,9,3,3,6,0,5
2023-07,PT046,10,4,4,6,0,7
2023-08,PT046,15,5,5,10,0,7
2023-09,PT046,13,7,7,6,0,9
2023-10,PT046,7,7,7,0,0,5
2023-11,PT046,16,9,9,7,0,10
2023-12,PT046,9,5,5,4,0,3
2024-01,PT046,15,10,10,5,0,13
2024-02,PT046,16,3,3,13,0,3
2024-03,PT046,15,13,13,2,0,16
2024-04,PT046,17,3,3,14,0,4
2024-05,PT046,16,16,16,0,0,16
2024-06,PT046,18,4,4,14,0,5
2024-07,PT046,13,16,13,0,3,11
2024-08,PT046,7,8,7,0,1,4
2024-09,PT046,21,12,12,9,0,13
2024-10,PT046,15,4,4,11,0,5
2024-11,PT046,11,13,11,0,2,12
2024-12,PT046,17,7,7,10,0,6
2022-01,PT047,0,2,0,0,2,0
2022-02,PT047,0,2,0,0,2,0
2022-03,PT047,1,2,1,0,1,0
2022-04,PT047,1,1,1,0,0,1
2022-05,PT047,8,1,1,7,0,4
2022-06,PT047,4,4,4,0,0,6
2022-07,PT047,5,6,5,0,1,6
2022-08,PT047,3,7,3,0,4,1
2022-09,PT047,7,5,5,2,0,6
2022-10,PT047,6,6,6,0,0,7
2022-11,PT047,7,7,7,0,0,8
2022-12,PT047,6,8,6,0,2,6
2023-01,PT047,5,8,5,0,3,5
2023-02,PT047,7,8,7,0,1,7
2023-03,PT047,4,8,4,0,4,3
2023-04,PT047,6,7,6,0,1,6
2023-05,PT047,5,7,5,0,2,4
2023-06,PT047,7,6,6,1,0,8
2023-07,PT047,11,8,8,3,0,10
2023-08,PT047,12,10,10,2,0,12
2023-09,PT047,15,12,12,3,0,16
2023-10,PT047,5,16,5,0,11,2
2023-11,PT047,9,13,9,0,4,8
2023-12,PT047,8,12,8,0,4,5
2024-01,PT047,15,9,9,6,0,13
2024-02,PT047,7,13,7,0,6,6
2024-03,PT047,9,12,9,0,3,10
2024-04,PT047,12,13,12,0,1,11
2024-05,PT047,12,12,12,0,0,14
2024-06,PT047,11,14,11,0,3,11
2024-07,PT047,6,14,6,0,8,4
2024-08,PT047,12,12,12,0,0,12
2024-09,PT047,13,12,12,1,0,13
2024-10,PT047,11,13,11,0,2,13
2024-11,PT047,13,15,13,0,2,13
2024-12,PT047,11,15,11,0,4,10
2022-01,PT048,0,2,0,0,2,0
2022-02,PT048,0,2,0,0,2,0
2022-03,PT048,0,2,0,0,2,0
2022-04,PT048,2,2,2,0,0,1
2022-05,PT048,1,1,1,0,0,2
2022-06,PT048,0,2,0,0,2,0
2022-07,PT048,2,2,2,0,0,2
2022-08,PT048,3,2,2,1,0,2
2022-09,PT048,2,2,2,0,0,3
2022-10,PT048,2,3,2,0,1,2
2022-11,PT048,4,3,3,1,0,4
2022-12,PT048,2,4,2,0,2,2
2023-01,PT048,5,4,4,1,0,5
2023-02,PT048,5,5,5,0,0,5
2023-03,PT048,4,5,4,0,1,5
2023-04,PT048,6,6,6,0,0,6
2023-05,PT048,7,6,6,1,0,7
2023-06,PT048,4,7,4,0,3,4
2023-07,PT048,2,7,2,0,5,1
2023-08,PT048,4,6,4,0,2,2
2023-09,PT048,2,4,2,0,2,2
2023-10,PT048,3,4,3,0,1,3
2023-11,PT048,2,4,2,0,2,1
2023-12,PT048,4,3,3,1,0,4
2024-01,PT048,2,4,2,0,2,2
2024-02,PT048,8,4,4,4,0,6
2024-03,PT048,5,6,5,0,1,5
2024-04,PT048,3,6,3,0,3,4
2024-05,PT048,3,7,3,0,4,1
2024-06,PT048,7,5,5,2,0,6
2024-07,PT048,3,6,3,0,3,3
2024-08,PT048,6,6,6,0,0,7
2024-09,PT048,4,7,4,0,3,3
2024-10,PT048,8,6,6,2,0,8
2024-11,PT048,5,8,5,0,3,4
2024-12,PT048,5,7,5,0,2,6
