month,claims,cost_inr_mn
2022-01,28,0.043
2022-02,41,0.064
2022-03,60,0.099
2022-04,131,0.212
2022-05,156,0.25
2022-06,190,0.332
2022-07,228,0.37
2022-08,216,0.352
2022-09,251,0.433
2022-10,255,0.419
2022-11,310,0.527
2022-12,328,0.547
2023-01,330,0.532
2023-02,378,0.635
2023-03,373,0.602
2023-04,496,0.822
2023-05,502,0.847
2023-06,520,0.846
2023-07,547,0.911
2023-08,552,0.903
2023-09,600,0.994
2023-10,606,0.958
2023-11,626,1.006
2023-12,674,1.117
2024-01,693,1.16
2024-02,648,1.046
2024-03,701,1.143
2024-04,741,1.239
2024-05,747,1.228
2024-06,792,1.308
2024-07,771,1.259
2024-08,714,1.193
2024-09,705,1.169
2024-10,721,1.183
2024-11,737,1.197
2024-12,718,1.162
