part_id,part_name,product_id,supplier_id,unit_cost,lead_time_days
PT001,Fan Assembly,P01,S06,280,30
PT002,Compressor,P01,S08,880,30
PT003,Pump,P01,S02,2030,14
PT004,Heating Element,P01,S08,2410,30
PT005,Sensor,P02,S03,960,30
PT006,Compressor,P02,S01,980,60
PT007,Fan Assembly,P02,S07,1590,14
PT008,Thermostat,P02,S05,1480,7
PT009,Thermostat,P03,S04,2420,21
PT010,Motor,P03,S02,620,30
PT011,Door Seal,P03,S06,1600,45
PT012,Display Panel,P03,S07,1190,60
PT013,Pump,P04,S07,1710,45
PT014,Sensor,P04,S03,790,45
PT015,PCB Controller,P04,S01,3120,7
PT016,Motor,P04,S06,340,21
PT017,Display Panel,P05,S03,860,21
PT018,Sensor,P05,S04,960,60
PT019,Pump,P05,S07,580,60
PT020,Fan Assembly,P05,S03,1780,7
PT021,Thermostat,P06,S03,850,14
PT022,Pump,P06,S07,1540,45
PT023,Fan Assembly,P06,S08,1540,30
PT024,Door Seal,P06,S04,1020,21
PT025,Pump,P07,S01,550,21
PT026,Sensor,P07,S08,840,45
PT027,Fan Assembly,P07,S08,1840,45
PT028,Thermostat,P07,S04,560,21
PT029,Heating Element,P08,S05,400,14
PT030,Door Seal,P08,S04,1290,45
PT031,PCB Controller,P08,S02,930,30
PT032,Pump,P08,S07,1280,21
PT033,Motor,P09,S05,700,14
PT034,Display Panel,P09,S08,420,30
PT035,PCB Controller,P09,S05,390,21
PT036,Pump,P09,S04,1970,14
PT037,PCB Controller,P10,S07,620,14
PT038,Thermostat,P10,S07,990,21
PT039,Door Seal,P10,S01,980,60
PT040,Sensor,P10,S03,780,7
PT041,Pump,P11,S01,770,60
PT042,PCB Controller,P11,S02,660,30
PT043,Heating Element,P11,S03,1970,60
PT044,Door Seal,P11,S03,1440,30
PT045,Sensor,P12,S03,450,21
PT046,PCB Controller,P12,S01,1230,45
PT047,Door Seal,P12,S01,2740,30
PT048,Thermostat,P12,S03,2380,30
