part_id,month,actual,forecast
PT008,2024-07,71.0,60.77
PT008,2024-08,46.0,62.46
PT008,2024-09,58.0,64.13
PT008,2024-10,43.0,65.78
PT008,2024-11,41.0,67.41
PT008,2024-12,54.0,69.01
PT003,2024-07,68.0,56.61
PT003,2024-08,53.0,58.28
PT003,2024-09,42.0,59.94
PT003,2024-10,38.0,61.6
PT003,2024-11,51.0,63.25
PT003,2024-12,40.0,64.89
PT001,2024-07,52.0,42.12
PT001,2024-08,32.0,43.33
PT001,2024-09,30.0,44.54
PT001,2024-10,35.0,45.73
PT001,2024-11,32.0,46.92
PT001,2024-12,27.0,48.11
PT042,2024-07,30.0,35.34
PT042,2024-08,32.0,36.35
PT042,2024-09,28.0,37.35
PT042,2024-10,25.0,38.35
PT042,2024-11,37.0,39.34
PT042,2024-12,35.0,40.33
PT043,2024-07,25.0,26.09
PT043,2024-08,20.0,26.51
PT043,2024-09,26.0,26.92
PT043,2024-10,29.0,27.3
PT043,2024-11,18.0,27.67
PT043,2024-12,32.0,28.03
PT002,2024-07,32.0,32.84
PT002,2024-08,15.0,33.79
PT002,2024-09,19.0,34.74
PT002,2024-10,25.0,35.68
PT002,2024-11,31.0,36.62
PT002,2024-12,17.0,37.55
PT020,2024-07,22.0,29.02
PT020,2024-08,23.0,29.94
PT020,2024-09,22.0,30.85
PT020,2024-10,41.0,31.76
PT020,2024-11,23.0,32.66
PT020,2024-12,15.0,33.56
PT006,2024-07,25.0,28.85
PT006,2024-08,26.0,29.72
PT006,2024-09,20.0,30.59
PT006,2024-10,21.0,31.46
PT006,2024-11,20.0,32.32
PT006,2024-12,16.0,33.17
PT035,2024-07,27.0,20.0
PT035,2024-08,24.0,20.0
PT035,2024-09,28.0,20.0
PT035,2024-10,33.0,20.0
PT035,2024-11,29.0,20.0
PT035,2024-12,20.0,20.0
PT038,2024-07,20.0,25.51
PT038,2024-08,24.0,26.23
PT038,2024-09,25.0,26.96
PT038,2024-10,20.0,27.67
PT038,2024-11,31.0,28.38
PT038,2024-12,28.0,29.09
PT033,2024-07,22.0,22.33
PT033,2024-08,20.0,22.33
PT033,2024-09,21.0,22.33
PT033,2024-10,15.0,22.33
PT033,2024-11,16.0,22.33
PT033,2024-12,21.0,22.33
PT004,2024-07,21.0,21.44
PT004,2024-08,15.0,22.06
PT004,2024-09,21.0,22.69
PT004,2024-10,16.0,23.31
PT004,2024-11,19.0,23.93
PT004,2024-12,19.0,24.54
PT023,2024-07,16.0,18.0
PT023,2024-08,18.0,18.0
PT023,2024-09,17.0,18.0
PT023,2024-10,21.0,18.0
PT023,2024-11,26.0,18.0
PT023,2024-12,18.0,18.0
PT039,2024-07,16.0,18.67
PT039,2024-08,22.0,18.67
PT039,2024-09,14.0,18.67
PT039,2024-10,11.0,18.67
PT039,2024-11,24.0,18.67
PT039,2024-12,19.0,18.67
PT016,2024-07,15.0,20.13
PT016,2024-08,21.0,20.74
PT016,2024-09,14.0,21.34
PT016,2024-10,21.0,21.94
PT016,2024-11,18.0,22.54
PT016,2024-12,16.0,23.14
