month,product_id,region,units_sold
2022-01,P01,North,127
2022-02,P01,North,121
2022-03,P01,North,162
2022-04,P01,North,224
2022-05,P01,North,237
2022-06,P01,North,266
2022-07,P01,North,236
2022-08,P01,North,208
2022-09,P01,North,196
2022-10,P01,North,136
2022-11,P01,North,124
2022-12,P01,North,93
2023-01,P01,North,139
2023-02,P01,North,145
2023-03,P01,North,190
2023-04,P01,North,252
2023-05,P01,North,261
2023-06,P01,North,329
2023-07,P01,North,285
2023-08,P01,North,272
2023-09,P01,North,197
2023-10,P01,North,168
2023-11,P01,North,133
2023-12,P01,North,114
2024-01,P01,North,137
2024-02,P01,North,167
2024-03,P01,North,208
2024-04,P01,North,288
2024-05,P01,North,277
2024-06,P01,North,305
2024-07,P01,North,305
2024-08,P01,North,309
2024-09,P01,North,221
2024-10,P01,North,161
2024-11,P01,North,117
2024-12,P01,North,105
2022-01,P01,South,147
2022-02,P01,South,193
2022-03,P01,South,271
2022-04,P01,South,293
2022-05,P01,South,342
2022-06,P01,South,371
2022-07,P01,South,356
2022-08,P01,South,296
2022-09,P01,South,241
2022-10,P01,South,222
2022-11,P01,South,171
2022-12,P01,South,135
2023-01,P01,South,169
2023-02,P01,South,214
2023-03,P01,South,288
2023-04,P01,South,324
2023-05,P01,South,393
2023-06,P01,South,411
2023-07,P01,South,394
2023-08,P01,South,370
2023-09,P01,South,295
2023-10,P01,South,233
2023-11,P01,South,190
2023-12,P01,South,168
2024-01,P01,South,178
2024-02,P01,South,224
2024-03,P01,South,333
2024-04,P01,South,390
2024-05,P01,South,453
2024-06,P01,South,503
2024-07,P01,South,451
2024-08,P01,South,381
2024-09,P01,South,297
2024-10,P01,South,237
2024-11,P01,South,205
2024-12,P01,South,184
2022-01,P01,East,163
2022-02,P01,East,236
2022-03,P01,East,250
2022-04,P01,East,346
2022-05,P01,East,403
2022-06,P01,East,397
2022-07,P01,East,410
2022-08,P01,East,343
2022-09,P01,East,269
2022-10,P01,East,255
2022-11,P01,East,175
2022-12,P01,East,165
2023-01,P01,East,194
2023-02,P01,East,213
2023-03,P01,East,311
2023-04,P01,East,381
2023-05,P01,East,453
2023-06,P01,East,451
2023-07,P01,East,426
2023-08,P01,East,407
2023-09,P01,East,309
2023-10,P01,East,258
2023-11,P01,East,176
2023-12,P01,East,164
2024-01,P01,East,209
2024-02,P01,East,264
2024-03,P01,East,322
2024-04,P01,East,373
2024-05,P01,East,515
2024-06,P01,East,513
2024-07,P01,East,426
2024-08,P01,East,401
2024-09,P01,East,367
2024-10,P01,East,295
2024-11,P01,East,229
2024-12,P01,East,188
2022-01,P01,West,186
2022-02,P01,West,239
2022-03,P01,West,329
2022-04,P01,West,356
2022-05,P01,West,429
2022-06,P01,West,463
2022-07,P01,West,427
2022-08,P01,West,403
2022-09,P01,West,359
2022-10,P01,West,252
2022-11,P01,West,199
2022-12,P01,West,165
2023-01,P01,West,196
2023-02,P01,West,266
2023-03,P01,West,335
2023-04,P01,West,402
2023-05,P01,West,469
2023-06,P01,West,501
2023-07,P01,West,470
2023-08,P01,West,439
2023-09,P01,West,366
2023-10,P01,West,271
2023-11,P01,West,224
2023-12,P01,West,207
2024-01,P01,West,226
2024-02,P01,West,289
2024-03,P01,West,394
2024-04,P01,West,488
2024-05,P01,West,499
2024-06,P01,West,585
2024-07,P01,West,524
2024-08,P01,West,455
2024-09,P01,West,408
2024-10,P01,West,326
2024-11,P01,West,238
2024-12,P01,West,226
2022-01,P01,Central,127
2022-02,P01,Central,157
2022-03,P01,Central,191
2022-04,P01,Central,244
2022-05,P01,Central,259
2022-06,P01,Central,272
2022-07,P01,Central,278
2022-08,P01,Central,264
2022-09,P01,Central,206
2022-10,P01,Central,132
2022-11,P01,Central,122
2022-12,P01,Central,120
2023-01,P01,Central,112
2023-02,P01,Central,183
2023-03,P01,Central,226
2023-04,P01,Central,284
2023-05,P01,Central,303
2023-06,P01,Central,317
2023-07,P01,Central,314
2023-08,P01,Central,300
2023-09,P01,Central,255
2023-10,P01,Central,196
2023-11,P01,Central,143
2023-12,P01,Central,113
2024-01,P01,Central,166
2024-02,P01,Central,172
2024-03,P01,Central,227
2024-04,P01,Central,330
2024-05,P01,Central,331
2024-06,P01,Central,371
2024-07,P01,Central,346
2024-08,P01,Central,336
2024-09,P01,Central,274
2024-10,P01,Central,208
2024-11,P01,Central,159
2024-12,P01,Central,135
2022-01,P02,North,101
2022-02,P02,North,159
2022-03,P02,North,206
2022-04,P02,North,241
2022-05,P02,North,303
2022-06,P02,North,249
2022-07,P02,North,288
2022-08,P02,North,262
2022-09,P02,North,215
2022-10,P02,North,131
2022-11,P02,North,131
2022-12,P02,North,121
2023-01,P02,North,126
2023-02,P02,North,172
2023-03,P02,North,234
2023-04,P02,North,287
2023-05,P02,North,310
2023-06,P02,North,309
2023-07,P02,North,293
2023-08,P02,North,268
2023-09,P02,North,218
2023-10,P02,North,161
2023-11,P02,North,144
2023-12,P02,North,147
2024-01,P02,North,128
2024-02,P02,North,158
2024-03,P02,North,245
2024-04,P02,North,291
2024-05,P02,North,351
2024-06,P02,North,342
2024-07,P02,North,327
2024-08,P02,North,332
2024-09,P02,North,262
2024-10,P02,North,202
2024-11,P02,North,145
2024-12,P02,North,127
2022-01,P02,South,111
2022-02,P02,South,150
2022-03,P02,South,189
2022-04,P02,South,248
2022-05,P02,South,242
2022-06,P02,South,247
2022-07,P02,South,302
2022-08,P02,South,231
2022-09,P02,South,228
2022-10,P02,South,120
2022-11,P02,South,99
2022-12,P02,South,109
2023-01,P02,South,97
2023-02,P02,South,152
2023-03,P02,South,212
2023-04,P02,South,242
2023-05,P02,South,284
2023-06,P02,South,278
2023-07,P02,South,292
2023-08,P02,South,257
2023-09,P02,South,231
2023-10,P02,South,161
2023-11,P02,South,132
2023-12,P02,South,111
2024-01,P02,South,157
2024-02,P02,South,171
2024-03,P02,South,207
2024-04,P02,South,257
2024-05,P02,South,263
2024-06,P02,South,340
2024-07,P02,South,326
2024-08,P02,South,307
2024-09,P02,South,254
2024-10,P02,South,169
2024-11,P02,South,161
2024-12,P02,South,152
2022-01,P02,East,155
2022-02,P02,East,196
2022-03,P02,East,225
2022-04,P02,East,286
2022-05,P02,East,350
2022-06,P02,East,370
2022-07,P02,East,371
2022-08,P02,East,283
2022-09,P02,East,262
2022-10,P02,East,179
2022-11,P02,East,174
2022-12,P02,East,147
2023-01,P02,East,131
2023-02,P02,East,196
2023-03,P02,East,285
2023-04,P02,East,334
2023-05,P02,East,403
2023-06,P02,East,403
2023-07,P02,East,378
2023-08,P02,East,353
2023-09,P02,East,277
2023-10,P02,East,220
2023-11,P02,East,153
2023-12,P02,East,154
2024-01,P02,East,163
2024-02,P02,East,213
2024-03,P02,East,307
2024-04,P02,East,357
2024-05,P02,East,431
2024-06,P02,East,456
2024-07,P02,East,392
2024-08,P02,East,400
2024-09,P02,East,282
2024-10,P02,East,253
2024-11,P02,East,200
2024-12,P02,East,170
2022-01,P02,West,146
2022-02,P02,West,188
2022-03,P02,West,238
2022-04,P02,West,290
2022-05,P02,West,315
2022-06,P02,West,368
2022-07,P02,West,390
2022-08,P02,West,281
2022-09,P02,West,275
2022-10,P02,West,185
2022-11,P02,West,158
2022-12,P02,West,134
2023-01,P02,West,160
2023-02,P02,West,212
2023-03,P02,West,244
2023-04,P02,West,320
2023-05,P02,West,424
2023-06,P02,West,373
2023-07,P02,West,388
2023-08,P02,West,364
2023-09,P02,West,284
2023-10,P02,West,209
2023-11,P02,West,191
2023-12,P02,West,168
2024-01,P02,West,173
2024-02,P02,West,240
2024-03,P02,West,272
2024-04,P02,West,336
2024-05,P02,West,441
2024-06,P02,West,434
2024-07,P02,West,408
2024-08,P02,West,400
2024-09,P02,West,302
2024-10,P02,West,230
2024-11,P02,West,212
2024-12,P02,West,175
2022-01,P02,Central,136
2022-02,P02,Central,156
2022-03,P02,Central,260
2022-04,P02,Central,318
2022-05,P02,Central,322
2022-06,P02,Central,323
2022-07,P02,Central,301
2022-08,P02,Central,281
2022-09,P02,Central,237
2022-10,P02,Central,188
2022-11,P02,Central,157
2022-12,P02,Central,129
2023-01,P02,Central,145
2023-02,P02,Central,199
2023-03,P02,Central,267
2023-04,P02,Central,343
2023-05,P02,Central,364
2023-06,P02,Central,337
2023-07,P02,Central,338
2023-08,P02,Central,329
2023-09,P02,Central,294
2023-10,P02,Central,217
2023-11,P02,Central,171
2023-12,P02,Central,149
2024-01,P02,Central,161
2024-02,P02,Central,222
2024-03,P02,Central,236
2024-04,P02,Central,371
2024-05,P02,Central,403
2024-06,P02,Central,458
2024-07,P02,Central,414
2024-08,P02,Central,358
2024-09,P02,Central,292
2024-10,P02,Central,224
2024-11,P02,Central,175
2024-12,P02,Central,162
2022-01,P03,North,117
2022-02,P03,North,107
2022-03,P03,North,134
2022-04,P03,North,125
2022-05,P03,North,109
2022-06,P03,North,105
2022-07,P03,North,124
2022-08,P03,North,106
2022-09,P03,North,128
2022-10,P03,North,99
2022-11,P03,North,109
2022-12,P03,North,133
2023-01,P03,North,124
2023-02,P03,North,145
2023-03,P03,North,135
2023-04,P03,North,138
2023-05,P03,North,121
2023-06,P03,North,145
2023-07,P03,North,129
2023-08,P03,North,116
2023-09,P03,North,107
2023-10,P03,North,111
2023-11,P03,North,127
2023-12,P03,North,121
2024-01,P03,North,154
2024-02,P03,North,157
2024-03,P03,North,133
2024-04,P03,North,130
2024-05,P03,North,130
2024-06,P03,North,142
2024-07,P03,North,117
2024-08,P03,North,120
2024-09,P03,North,132
2024-10,P03,North,142
2024-11,P03,North,133
2024-12,P03,North,144
2022-01,P03,South,112
2022-02,P03,South,110
2022-03,P03,South,116
2022-04,P03,South,124
2022-05,P03,South,125
2022-06,P03,South,122
2022-07,P03,South,101
2022-08,P03,South,113
2022-09,P03,South,118
2022-10,P03,South,119
2022-11,P03,South,98
2022-12,P03,South,97
2023-01,P03,South,134
2023-02,P03,South,135
2023-03,P03,South,120
2023-04,P03,South,147
2023-05,P03,South,130
2023-06,P03,South,106
2023-07,P03,South,126
2023-08,P03,South,123
2023-09,P03,South,122
2023-10,P03,South,113
2023-11,P03,South,112
2023-12,P03,South,114
2024-01,P03,South,125
2024-02,P03,South,156
2024-03,P03,South,152
2024-04,P03,South,142
2024-05,P03,South,130
2024-06,P03,South,142
2024-07,P03,South,139
2024-08,P03,South,128
2024-09,P03,South,133
2024-10,P03,South,103
2024-11,P03,South,134
2024-12,P03,South,140
2022-01,P03,East,127
2022-02,P03,East,122
2022-03,P03,East,127
2022-04,P03,East,139
2022-05,P03,East,147
2022-06,P03,East,113
2022-07,P03,East,119
2022-08,P03,East,137
2022-09,P03,East,106
2022-10,P03,East,108
2022-11,P03,East,114
2022-12,P03,East,121
2023-01,P03,East,127
2023-02,P03,East,161
2023-03,P03,East,144
2023-04,P03,East,143
2023-05,P03,East,149
2023-06,P03,East,121
2023-07,P03,East,117
2023-08,P03,East,114
2023-09,P03,East,137
2023-10,P03,East,104
2023-11,P03,East,132
2023-12,P03,East,149
2024-01,P03,East,155
2024-02,P03,East,158
2024-03,P03,East,148
2024-04,P03,East,151
2024-05,P03,East,176
2024-06,P03,East,148
2024-07,P03,East,144
2024-08,P03,East,138
2024-09,P03,East,140
2024-10,P03,East,143
2024-11,P03,East,153
2024-12,P03,East,155
2022-01,P03,West,58
2022-02,P03,West,67
2022-03,P03,West,73
2022-04,P03,West,65
2022-05,P03,West,85
2022-06,P03,West,71
2022-07,P03,West,81
2022-08,P03,West,76
2022-09,P03,West,66
2022-10,P03,West,73
2022-11,P03,West,66
2022-12,P03,West,78
2023-01,P03,West,87
2023-02,P03,West,80
2023-03,P03,West,70
2023-04,P03,West,79
2023-05,P03,West,88
2023-06,P03,West,77
2023-07,P03,West,68
2023-08,P03,West,78
2023-09,P03,West,71
2023-10,P03,West,67
2023-11,P03,West,62
2023-12,P03,West,88
2024-01,P03,West,77
2024-02,P03,West,85
2024-03,P03,West,78
2024-04,P03,West,84
2024-05,P03,West,86
2024-06,P03,West,71
2024-07,P03,West,74
2024-08,P03,West,95
2024-09,P03,West,61
2024-10,P03,West,89
2024-11,P03,West,79
2024-12,P03,West,80
2022-01,P03,Central,78
2022-02,P03,Central,54
2022-03,P03,Central,76
2022-04,P03,Central,68
2022-05,P03,Central,67
2022-06,P03,Central,62
2022-07,P03,Central,52
2022-08,P03,Central,80
2022-09,P03,Central,68
2022-10,P03,Central,49
2022-11,P03,Central,64
2022-12,P03,Central,72
2023-01,P03,Central,69
2023-02,P03,Central,70
2023-03,P03,Central,61
2023-04,P03,Central,83
2023-05,P03,Central,89
2023-06,P03,Central,47
2023-07,P03,Central,60
2023-08,P03,Central,58
2023-09,P03,Central,55
2023-10,P03,Central,58
2023-11,P03,Central,83
2023-12,P03,Central,77
2024-01,P03,Central,87
2024-02,P03,Central,77
2024-03,P03,Central,75
2024-04,P03,Central,102
2024-05,P03,Central,88
2024-06,P03,Central,68
2024-07,P03,Central,78
2024-08,P03,Central,70
2024-09,P03,Central,77
2024-10,P03,Central,90
2024-11,P03,Central,63
2024-12,P03,Central,81
2022-01,P04,North,194
2022-02,P04,North,200
2022-03,P04,North,212
2022-04,P04,North,213
2022-05,P04,North,224
2022-06,P04,North,167
2022-07,P04,North,193
2022-08,P04,North,178
2022-09,P04,North,197
2022-10,P04,North,179
2022-11,P04,North,189
2022-12,P04,North,220
2023-01,P04,North,229
2023-02,P04,North,214
2023-03,P04,North,213
2023-04,P04,North,237
2023-05,P04,North,248
2023-06,P04,North,200
2023-07,P04,North,199
2023-08,P04,North,221
2023-09,P04,North,209
2023-10,P04,North,199
2023-11,P04,North,197
2023-12,P04,North,219
2024-01,P04,North,244
2024-02,P04,North,222
2024-03,P04,North,271
2024-04,P04,North,272
2024-05,P04,North,266
2024-06,P04,North,233
2024-07,P04,North,228
2024-08,P04,North,210
2024-09,P04,North,212
2024-10,P04,North,206
2024-11,P04,North,227
2024-12,P04,North,237
2022-01,P04,South,187
2022-02,P04,South,201
2022-03,P04,South,223
2022-04,P04,South,198
2022-05,P04,South,195
2022-06,P04,South,190
2022-07,P04,South,195
2022-08,P04,South,163
2022-09,P04,South,191
2022-10,P04,South,170
2022-11,P04,South,177
2022-12,P04,South,226
2023-01,P04,South,212
2023-02,P04,South,203
2023-03,P04,South,220
2023-04,P04,South,231
2023-05,P04,South,202
2023-06,P04,South,199
2023-07,P04,South,183
2023-08,P04,South,208
2023-09,P04,South,183
2023-10,P04,South,195
2023-11,P04,South,219
2023-12,P04,South,214
2024-01,P04,South,219
2024-02,P04,South,201
2024-03,P04,South,248
2024-04,P04,South,221
2024-05,P04,South,252
2024-06,P04,South,215
2024-07,P04,South,217
2024-08,P04,South,232
2024-09,P04,South,208
2024-10,P04,South,243
2024-11,P04,South,238
2024-12,P04,South,217
2022-01,P04,East,95
2022-02,P04,East,104
2022-03,P04,East,130
2022-04,P04,East,105
2022-05,P04,East,102
2022-06,P04,East,128
2022-07,P04,East,93
2022-08,P04,East,96
2022-09,P04,East,87
2022-10,P04,East,110
2022-11,P04,East,123
2022-12,P04,East,125
2023-01,P04,East,112
2023-02,P04,East,133
2023-03,P04,East,135
2023-04,P04,East,141
2023-05,P04,East,131
2023-06,P04,East,127
2023-07,P04,East,98
2023-08,P04,East,110
2023-09,P04,East,112
2023-10,P04,East,103
2023-11,P04,East,123
2023-12,P04,East,113
2024-01,P04,East,127
2024-02,P04,East,119
2024-03,P04,East,156
2024-04,P04,East,150
2024-05,P04,East,129
2024-06,P04,East,125
2024-07,P04,East,130
2024-08,P04,East,128
2024-09,P04,East,120
2024-10,P04,East,118
2024-11,P04,East,153
2024-12,P04,East,145
2022-01,P04,West,168
2022-02,P04,West,201
2022-03,P04,West,181
2022-04,P04,West,198
2022-05,P04,West,189
2022-06,P04,West,178
2022-07,P04,West,186
2022-08,P04,West,171
2022-09,P04,West,190
2022-10,P04,West,157
2022-11,P04,West,158
2022-12,P04,West,166
2023-01,P04,West,217
2023-02,P04,West,223
2023-03,P04,West,236
2023-04,P04,West,216
2023-05,P04,West,207
2023-06,P04,West,200
2023-07,P04,West,206
2023-08,P04,West,171
2023-09,P04,West,201
2023-10,P04,West,198
2023-11,P04,West,174
2023-12,P04,West,203
2024-01,P04,West,232
2024-02,P04,West,224
2024-03,P04,West,228
2024-04,P04,West,243
2024-05,P04,West,236
2024-06,P04,West,230
2024-07,P04,West,220
2024-08,P04,West,203
2024-09,P04,West,181
2024-10,P04,West,206
2024-11,P04,West,207
2024-12,P04,West,234
2022-01,P04,Central,136
2022-02,P04,Central,164
2022-03,P04,Central,147
2022-04,P04,Central,154
2022-05,P04,Central,142
2022-06,P04,Central,157
2022-07,P04,Central,130
2022-08,P04,Central,125
2022-09,P04,Central,116
2022-10,P04,Central,139
2022-11,P04,Central,123
2022-12,P04,Central,138
2023-01,P04,Central,150
2023-02,P04,Central,149
2023-03,P04,Central,163
2023-04,P04,Central,151
2023-05,P04,Central,149
2023-06,P04,Central,157
2023-07,P04,Central,169
2023-08,P04,Central,142
2023-09,P04,Central,133
2023-10,P04,Central,162
2023-11,P04,Central,142
2023-12,P04,Central,162
2024-01,P04,Central,169
2024-02,P04,Central,173
2024-03,P04,Central,173
2024-04,P04,Central,162
2024-05,P04,Central,190
2024-06,P04,Central,157
2024-07,P04,Central,162
2024-08,P04,Central,149
2024-09,P04,Central,160
2024-10,P04,Central,134
2024-11,P04,Central,168
2024-12,P04,Central,191
2022-01,P05,North,107
2022-02,P05,North,130
2022-03,P05,North,103
2022-04,P05,North,121
2022-05,P05,North,116
2022-06,P05,North,109
2022-07,P05,North,104
2022-08,P05,North,93
2022-09,P05,North,96
2022-10,P05,North,108
2022-11,P05,North,117
2022-12,P05,North,122
2023-01,P05,North,121
2023-02,P05,North,118
2023-03,P05,North,120
2023-04,P05,North,127
2023-05,P05,North,116
2023-06,P05,North,147
2023-07,P05,North,118
2023-08,P05,North,125
2023-09,P05,North,116
2023-10,P05,North,117
2023-11,P05,North,128
2023-12,P05,North,135
2024-01,P05,North,134
2024-02,P05,North,149
2024-03,P05,North,131
2024-04,P05,North,142
2024-05,P05,North,148
2024-06,P05,North,148
2024-07,P05,North,142
2024-08,P05,North,128
2024-09,P05,North,115
2024-10,P05,North,108
2024-11,P05,North,127
2024-12,P05,North,139
2022-01,P05,South,90
2022-02,P05,South,99
2022-03,P05,South,99
2022-04,P05,South,105
2022-05,P05,South,112
2022-06,P05,South,82
2022-07,P05,South,96
2022-08,P05,South,82
2022-09,P05,South,86
2022-10,P05,South,90
2022-11,P05,South,90
2022-12,P05,South,85
2023-01,P05,South,98
2023-02,P05,South,107
2023-03,P05,South,109
2023-04,P05,South,115
2023-05,P05,South,110
2023-06,P05,South,103
2023-07,P05,South,109
2023-08,P05,South,107
2023-09,P05,South,73
2023-10,P05,South,101
2023-11,P05,South,116
2023-12,P05,South,110
2024-01,P05,South,116
2024-02,P05,South,114
2024-03,P05,South,107
2024-04,P05,South,145
2024-05,P05,South,121
2024-06,P05,South,114
2024-07,P05,South,124
2024-08,P05,South,108
2024-09,P05,South,96
2024-10,P05,South,99
2024-11,P05,South,103
2024-12,P05,South,113
2022-01,P05,East,107
2022-02,P05,East,100
2022-03,P05,East,109
2022-04,P05,East,122
2022-05,P05,East,90
2022-06,P05,East,108
2022-07,P05,East,99
2022-08,P05,East,89
2022-09,P05,East,93
2022-10,P05,East,85
2022-11,P05,East,92
2022-12,P05,East,91
2023-01,P05,East,105
2023-02,P05,East,110
2023-03,P05,East,116
2023-04,P05,East,114
2023-05,P05,East,99
2023-06,P05,East,101
2023-07,P05,East,107
2023-08,P05,East,98
2023-09,P05,East,111
2023-10,P05,East,121
2023-11,P05,East,119
2023-12,P05,East,111
2024-01,P05,East,134
2024-02,P05,East,135
2024-03,P05,East,142
2024-04,P05,East,135
2024-05,P05,East,111
2024-06,P05,East,120
2024-07,P05,East,116
2024-08,P05,East,111
2024-09,P05,East,128
2024-10,P05,East,132
2024-11,P05,East,116
2024-12,P05,East,126
2022-01,P05,West,101
2022-02,P05,West,121
2022-03,P05,West,134
2022-04,P05,West,108
2022-05,P05,West,107
2022-06,P05,West,117
2022-07,P05,West,129
2022-08,P05,West,108
2022-09,P05,West,85
2022-10,P05,West,119
2022-11,P05,West,114
2022-12,P05,West,126
2023-01,P05,West,150
2023-02,P05,West,122
2023-03,P05,West,139
2023-04,P05,West,134
2023-05,P05,West,131
2023-06,P05,West,127
2023-07,P05,West,104
2023-08,P05,West,138
2023-09,P05,West,111
2023-10,P05,West,119
2023-11,P05,West,115
2023-12,P05,West,125
2024-01,P05,West,119
2024-02,P05,West,153
2024-03,P05,West,156
2024-04,P05,West,166
2024-05,P05,West,140
2024-06,P05,West,141
2024-07,P05,West,111
2024-08,P05,West,121
2024-09,P05,West,118
2024-10,P05,West,136
2024-11,P05,West,133
2024-12,P05,West,157
2022-01,P05,Central,140
2022-02,P05,Central,104
2022-03,P05,Central,129
2022-04,P05,Central,132
2022-05,P05,Central,135
2022-06,P05,Central,129
2022-07,P05,Central,121
2022-08,P05,Central,122
2022-09,P05,Central,127
2022-10,P05,Central,117
2022-11,P05,Central,135
2022-12,P05,Central,126
2023-01,P05,Central,131
2023-02,P05,Central,131
2023-03,P05,Central,163
2023-04,P05,Central,133
2023-05,P05,Central,145
2023-06,P05,Central,129
2023-07,P05,Central,138
2023-08,P05,Central,151
2023-09,P05,Central,124
2023-10,P05,Central,126
2023-11,P05,Central,135
2023-12,P05,Central,146
2024-01,P05,Central,147
2024-02,P05,Central,152
2024-03,P05,Central,147
2024-04,P05,Central,160
2024-05,P05,Central,119
2024-06,P05,Central,146
2024-07,P05,Central,132
2024-08,P05,Central,141
2024-09,P05,Central,141
2024-10,P05,Central,154
2024-11,P05,Central,145
2024-12,P05,Central,173
2022-01,P06,North,63
2022-02,P06,North,82
2022-03,P06,North,83
2022-04,P06,North,88
2022-05,P06,North,61
2022-06,P06,North,65
2022-07,P06,North,68
2022-08,P06,North,67
2022-09,P06,North,76
2022-10,P06,North,68
2022-11,P06,North,76
2022-12,P06,North,70
2023-01,P06,North,78
2023-02,P06,North,84
2023-03,P06,North,81
2023-04,P06,North,83
2023-05,P06,North,96
2023-06,P06,North,69
2023-07,P06,North,88
2023-08,P06,North,65
2023-09,P06,North,81
2023-10,P06,North,79
2023-11,P06,North,76
2023-12,P06,North,78
2024-01,P06,North,77
2024-02,P06,North,96
2024-03,P06,North,103
2024-04,P06,North,105
2024-05,P06,North,94
2024-06,P06,North,84
2024-07,P06,North,83
2024-08,P06,North,82
2024-09,P06,North,75
2024-10,P06,North,72
2024-11,P06,North,96
2024-12,P06,North,108
2022-01,P06,South,77
2022-02,P06,South,83
2022-03,P06,South,83
2022-04,P06,South,73
2022-05,P06,South,97
2022-06,P06,South,77
2022-07,P06,South,60
2022-08,P06,South,68
2022-09,P06,South,69
2022-10,P06,South,66
2022-11,P06,South,74
2022-12,P06,South,82
2023-01,P06,South,89
2023-02,P06,South,86
2023-03,P06,South,72
2023-04,P06,South,87
2023-05,P06,South,89
2023-06,P06,South,83
2023-07,P06,South,84
2023-08,P06,South,77
2023-09,P06,South,70
2023-10,P06,South,87
2023-11,P06,South,80
2023-12,P06,South,64
2024-01,P06,South,80
2024-02,P06,South,114
2024-03,P06,South,88
2024-04,P06,South,91
2024-05,P06,South,89
2024-06,P06,South,98
2024-07,P06,South,88
2024-08,P06,South,80
2024-09,P06,South,98
2024-10,P06,South,84
2024-11,P06,South,79
2024-12,P06,South,93
2022-01,P06,East,119
2022-02,P06,East,134
2022-03,P06,East,134
2022-04,P06,East,119
2022-05,P06,East,122
2022-06,P06,East,113
2022-07,P06,East,123
2022-08,P06,East,106
2022-09,P06,East,113
2022-10,P06,East,138
2022-11,P06,East,138
2022-12,P06,East,138
2023-01,P06,East,149
2023-02,P06,East,179
2023-03,P06,East,162
2023-04,P06,East,151
2023-05,P06,East,141
2023-06,P06,East,142
2023-07,P06,East,171
2023-08,P06,East,125
2023-09,P06,East,132
2023-10,P06,East,138
2023-11,P06,East,132
2023-12,P06,East,147
2024-01,P06,East,162
2024-02,P06,East,174
2024-03,P06,East,171
2024-04,P06,East,134
2024-05,P06,East,172
2024-06,P06,East,157
2024-07,P06,East,156
2024-08,P06,East,123
2024-09,P06,East,138
2024-10,P06,East,145
2024-11,P06,East,159
2024-12,P06,East,155
2022-01,P06,West,72
2022-02,P06,West,97
2022-03,P06,West,84
2022-04,P06,West,86
2022-05,P06,West,66
2022-06,P06,West,67
2022-07,P06,West,67
2022-08,P06,West,78
2022-09,P06,West,76
2022-10,P06,West,70
2022-11,P06,West,87
2022-12,P06,West,101
2023-01,P06,West,100
2023-02,P06,West,85
2023-03,P06,West,84
2023-04,P06,West,81
2023-05,P06,West,86
2023-06,P06,West,86
2023-07,P06,West,77
2023-08,P06,West,69
2023-09,P06,West,68
2023-10,P06,West,85
2023-11,P06,West,93
2023-12,P06,West,100
2024-01,P06,West,101
2024-02,P06,West,94
2024-03,P06,West,105
2024-04,P06,West,115
2024-05,P06,West,97
2024-06,P06,West,83
2024-07,P06,West,84
2024-08,P06,West,77
2024-09,P06,West,67
2024-10,P06,West,85
2024-11,P06,West,89
2024-12,P06,West,95
2022-01,P06,Central,110
2022-02,P06,Central,124
2022-03,P06,Central,106
2022-04,P06,Central,111
2022-05,P06,Central,106
2022-06,P06,Central,103
2022-07,P06,Central,129
2022-08,P06,Central,117
2022-09,P06,Central,113
2022-10,P06,Central,102
2022-11,P06,Central,116
2022-12,P06,Central,113
2023-01,P06,Central,131
2023-02,P06,Central,146
2023-03,P06,Central,120
2023-04,P06,Central,123
2023-05,P06,Central,143
2023-06,P06,Central,124
2023-07,P06,Central,114
2023-08,P06,Central,103
2023-09,P06,Central,124
2023-10,P06,Central,113
2023-11,P06,Central,124
2023-12,P06,Central,122
2024-01,P06,Central,125
2024-02,P06,Central,151
2024-03,P06,Central,127
2024-04,P06,Central,133
2024-05,P06,Central,137
2024-06,P06,Central,125
2024-07,P06,Central,130
2024-08,P06,Central,116
2024-09,P06,Central,138
2024-10,P06,Central,144
2024-11,P06,Central,149
2024-12,P06,Central,149
2022-01,P07,North,123
2022-02,P07,North,146
2022-03,P07,North,137
2022-04,P07,North,168
2022-05,P07,North,157
2022-06,P07,North,147
2022-07,P07,North,127
2022-08,P07,North,116
2022-09,P07,North,136
2022-10,P07,North,124
2022-11,P07,North,147
2022-12,P07,North,173
2023-01,P07,North,173
2023-02,P07,North,181
2023-03,P07,North,174
2023-04,P07,North,175
2023-05,P07,North,139
2023-06,P07,North,140
2023-07,P07,North,145
2023-08,P07,North,134
2023-09,P07,North,153
2023-10,P07,North,141
2023-11,P07,North,154
2023-12,P07,North,158
2024-01,P07,North,174
2024-02,P07,North,197
2024-03,P07,North,175
2024-04,P07,North,185
2024-05,P07,North,189
2024-06,P07,North,180
2024-07,P07,North,162
2024-08,P07,North,173
2024-09,P07,North,158
2024-10,P07,North,152
2024-11,P07,North,161
2024-12,P07,North,193
2022-01,P07,South,94
2022-02,P07,South,95
2022-03,P07,South,123
2022-04,P07,South,100
2022-05,P07,South,98
2022-06,P07,South,97
2022-07,P07,South,78
2022-08,P07,South,76
2022-09,P07,South,90
2022-10,P07,South,90
2022-11,P07,South,88
2022-12,P07,South,92
2023-01,P07,South,104
2023-02,P07,South,95
2023-03,P07,South,109
2023-04,P07,South,105
2023-05,P07,South,133
2023-06,P07,South,93
2023-07,P07,South,93
2023-08,P07,South,97
2023-09,P07,South,117
2023-10,P07,South,103
2023-11,P07,South,93
2023-12,P07,South,118
2024-01,P07,South,106
2024-02,P07,South,138
2024-03,P07,South,132
2024-04,P07,South,129
2024-05,P07,South,126
2024-06,P07,South,124
2024-07,P07,South,103
2024-08,P07,South,124
2024-09,P07,South,108
2024-10,P07,South,93
2024-11,P07,South,107
2024-12,P07,South,111
2022-01,P07,East,94
2022-02,P07,East,92
2022-03,P07,East,106
2022-04,P07,East,94
2022-05,P07,East,95
2022-06,P07,East,84
2022-07,P07,East,88
2022-08,P07,East,87
2022-09,P07,East,94
2022-10,P07,East,93
2022-11,P07,East,99
2022-12,P07,East,109
2023-01,P07,East,118
2023-02,P07,East,119
2023-03,P07,East,102
2023-04,P07,East,97
2023-05,P07,East,93
2023-06,P07,East,98
2023-07,P07,East,115
2023-08,P07,East,97
2023-09,P07,East,104
2023-10,P07,East,109
2023-11,P07,East,121
2023-12,P07,East,108
2024-01,P07,East,104
2024-02,P07,East,131
2024-03,P07,East,111
2024-04,P07,East,123
2024-05,P07,East,136
2024-06,P07,East,114
2024-07,P07,East,140
2024-08,P07,East,107
2024-09,P07,East,109
2024-10,P07,East,114
2024-11,P07,East,114
2024-12,P07,East,119
2022-01,P07,West,111
2022-02,P07,West,99
2022-03,P07,West,129
2022-04,P07,West,127
2022-05,P07,West,139
2022-06,P07,West,113
2022-07,P07,West,114
2022-08,P07,West,99
2022-09,P07,West,90
2022-10,P07,West,118
2022-11,P07,West,114
2022-12,P07,West,108
2023-01,P07,West,120
2023-02,P07,West,132
2023-03,P07,West,153
2023-04,P07,West,135
2023-05,P07,West,121
2023-06,P07,West,126
2023-07,P07,West,130
2023-08,P07,West,136
2023-09,P07,West,121
2023-10,P07,West,113
2023-11,P07,West,111
2023-12,P07,West,145
2024-01,P07,West,136
2024-02,P07,West,147
2024-03,P07,West,172
2024-04,P07,West,171
2024-05,P07,West,119
2024-06,P07,West,137
2024-07,P07,West,144
2024-08,P07,West,137
2024-09,P07,West,135
2024-10,P07,West,156
2024-11,P07,West,130
2024-12,P07,West,153
2022-01,P07,Central,105
2022-02,P07,Central,115
2022-03,P07,Central,113
2022-04,P07,Central,119
2022-05,P07,Central,111
2022-06,P07,Central,119
2022-07,P07,Central,110
2022-08,P07,Central,93
2022-09,P07,Central,116
2022-10,P07,Central,123
2022-11,P07,Central,126
2022-12,P07,Central,117
2023-01,P07,Central,144
2023-02,P07,Central,146
2023-03,P07,Central,155
2023-04,P07,Central,134
2023-05,P07,Central,124
2023-06,P07,Central,109
2023-07,P07,Central,144
2023-08,P07,Central,108
2023-09,P07,Central,124
2023-10,P07,Central,106
2023-11,P07,Central,109
2023-12,P07,Central,144
2024-01,P07,Central,161
2024-02,P07,Central,176
2024-03,P07,Central,154
2024-04,P07,Central,128
2024-05,P07,Central,159
2024-06,P07,Central,129
2024-07,P07,Central,126
2024-08,P07,Central,135
2024-09,P07,Central,138
2024-10,P07,Central,137
2024-11,P07,Central,162
2024-12,P07,Central,173
2022-01,P08,North,28
2022-02,P08,North,36
2022-03,P08,North,45
2022-04,P08,North,32
2022-05,P08,North,36
2022-06,P08,North,33
2022-07,P08,North,31
2022-08,P08,North,39
2022-09,P08,North,27
2022-10,P08,North,38
2022-11,P08,North,39
2022-12,P08,North,38
2023-01,P08,North,42
2023-02,P08,North,36
2023-03,P08,North,60
2023-04,P08,North,41
2023-05,P08,North,53
2023-06,P08,North,52
2023-07,P08,North,31
2023-08,P08,North,35
2023-09,P08,North,47
2023-10,P08,North,34
2023-11,P08,North,31
2023-12,P08,North,45
2024-01,P08,North,34
2024-02,P08,North,35
2024-03,P08,North,45
2024-04,P08,North,41
2024-05,P08,North,63
2024-06,P08,North,48
2024-07,P08,North,48
2024-08,P08,North,42
2024-09,P08,North,38
2024-10,P08,North,46
2024-11,P08,North,40
2024-12,P08,North,41
2022-01,P08,South,61
2022-02,P08,South,64
2022-03,P08,South,73
2022-04,P08,South,67
2022-05,P08,South,65
2022-06,P08,South,58
2022-07,P08,South,42
2022-08,P08,South,73
2022-09,P08,South,61
2022-10,P08,South,48
2022-11,P08,South,58
2022-12,P08,South,65
2023-01,P08,South,78
2023-02,P08,South,84
2023-03,P08,South,85
2023-04,P08,South,69
2023-05,P08,South,66
2023-06,P08,South,66
2023-07,P08,South,78
2023-08,P08,South,65
2023-09,P08,South,73
2023-10,P08,South,54
2023-11,P08,South,74
2023-12,P08,South,76
2024-01,P08,South,75
2024-02,P08,South,69
2024-03,P08,South,78
2024-04,P08,South,79
2024-05,P08,South,80
2024-06,P08,South,82
2024-07,P08,South,70
2024-08,P08,South,74
2024-09,P08,South,67
2024-10,P08,South,76
2024-11,P08,South,75
2024-12,P08,South,71
2022-01,P08,East,52
2022-02,P08,East,51
2022-03,P08,East,70
2022-04,P08,East,50
2022-05,P08,East,57
2022-06,P08,East,52
2022-07,P08,East,42
2022-08,P08,East,74
2022-09,P08,East,37
2022-10,P08,East,55
2022-11,P08,East,40
2022-12,P08,East,57
2023-01,P08,East,70
2023-02,P08,East,63
2023-03,P08,East,64
2023-04,P08,East,67
2023-05,P08,East,62
2023-06,P08,East,55
2023-07,P08,East,60
2023-08,P08,East,65
2023-09,P08,East,59
2023-10,P08,East,47
2023-11,P08,East,73
2023-12,P08,East,64
2024-01,P08,East,52
2024-02,P08,East,65
2024-03,P08,East,64
2024-04,P08,East,49
2024-05,P08,East,80
2024-06,P08,East,70
2024-07,P08,East,59
2024-08,P08,East,65
2024-09,P08,East,59
2024-10,P08,East,68
2024-11,P08,East,68
2024-12,P08,East,67
2022-01,P08,West,57
2022-02,P08,West,60
2022-03,P08,West,65
2022-04,P08,West,68
2022-05,P08,West,63
2022-06,P08,West,65
2022-07,P08,West,63
2022-08,P08,West,55
2022-09,P08,West,57
2022-10,P08,West,64
2022-11,P08,West,65
2022-12,P08,West,72
2023-01,P08,West,68
2023-02,P08,West,73
2023-03,P08,West,72
2023-04,P08,West,79
2023-05,P08,West,75
2023-06,P08,West,57
2023-07,P08,West,70
2023-08,P08,West,72
2023-09,P08,West,58
2023-10,P08,West,61
2023-11,P08,West,56
2023-12,P08,West,69
2024-01,P08,West,64
2024-02,P08,West,85
2024-03,P08,West,81
2024-04,P08,West,73
2024-05,P08,West,77
2024-06,P08,West,65
2024-07,P08,West,69
2024-08,P08,West,69
2024-09,P08,West,68
2024-10,P08,West,77
2024-11,P08,West,87
2024-12,P08,West,77
2022-01,P08,Central,69
2022-02,P08,Central,69
2022-03,P08,Central,70
2022-04,P08,Central,67
2022-05,P08,Central,55
2022-06,P08,Central,53
2022-07,P08,Central,63
2022-08,P08,Central,59
2022-09,P08,Central,59
2022-10,P08,Central,52
2022-11,P08,Central,69
2022-12,P08,Central,58
2023-01,P08,Central,71
2023-02,P08,Central,75
2023-03,P08,Central,76
2023-04,P08,Central,87
2023-05,P08,Central,61
2023-06,P08,Central,64
2023-07,P08,Central,76
2023-08,P08,Central,50
2023-09,P08,Central,51
2023-10,P08,Central,64
2023-11,P08,Central,66
2023-12,P08,Central,69
2024-01,P08,Central,67
2024-02,P08,Central,77
2024-03,P08,Central,74
2024-04,P08,Central,79
2024-05,P08,Central,85
2024-06,P08,Central,74
2024-07,P08,Central,70
2024-08,P08,Central,67
2024-09,P08,Central,73
2024-10,P08,Central,74
2024-11,P08,Central,64
2024-12,P08,Central,82
2022-01,P09,North,93
2022-02,P09,North,94
2022-03,P09,North,98
2022-04,P09,North,98
2022-05,P09,North,96
2022-06,P09,North,86
2022-07,P09,North,107
2022-08,P09,North,82
2022-09,P09,North,104
2022-10,P09,North,84
2022-11,P09,North,88
2022-12,P09,North,99
2023-01,P09,North,105
2023-02,P09,North,107
2023-03,P09,North,110
2023-04,P09,North,109
2023-05,P09,North,121
2023-06,P09,North,106
2023-07,P09,North,93
2023-08,P09,North,96
2023-09,P09,North,103
2023-10,P09,North,86
2023-11,P09,North,115
2023-12,P09,North,108
2024-01,P09,North,136
2024-02,P09,North,128
2024-03,P09,North,106
2024-04,P09,North,122
2024-05,P09,North,123
2024-06,P09,North,134
2024-07,P09,North,127
2024-08,P09,North,118
2024-09,P09,North,130
2024-10,P09,North,117
2024-11,P09,North,131
2024-12,P09,North,137
2022-01,P09,South,102
2022-02,P09,South,133
2022-03,P09,South,121
2022-04,P09,South,125
2022-05,P09,South,113
2022-06,P09,South,100
2022-07,P09,South,106
2022-08,P09,South,110
2022-09,P09,South,116
2022-10,P09,South,95
2022-11,P09,South,110
2022-12,P09,South,125
2023-01,P09,South,119
2023-02,P09,South,122
2023-03,P09,South,126
2023-04,P09,South,123
2023-05,P09,South,139
2023-06,P09,South,118
2023-07,P09,South,122
2023-08,P09,South,126
2023-09,P09,South,114
2023-10,P09,South,98
2023-11,P09,South,151
2023-12,P09,South,120
2024-01,P09,South,122
2024-02,P09,South,150
2024-03,P09,South,140
2024-04,P09,South,131
2024-05,P09,South,147
2024-06,P09,South,146
2024-07,P09,South,122
2024-08,P09,South,116
2024-09,P09,South,113
2024-10,P09,South,115
2024-11,P09,South,139
2024-12,P09,South,154
2022-01,P09,East,59
2022-02,P09,East,58
2022-03,P09,East,60
2022-04,P09,East,65
2022-05,P09,East,66
2022-06,P09,East,58
2022-07,P09,East,60
2022-08,P09,East,48
2022-09,P09,East,67
2022-10,P09,East,54
2022-11,P09,East,55
2022-12,P09,East,56
2023-01,P09,East,69
2023-02,P09,East,75
2023-03,P09,East,73
2023-04,P09,East,72
2023-05,P09,East,87
2023-06,P09,East,70
2023-07,P09,East,55
2023-08,P09,East,58
2023-09,P09,East,56
2023-10,P09,East,63
2023-11,P09,East,71
2023-12,P09,East,72
2024-01,P09,East,70
2024-02,P09,East,79
2024-03,P09,East,95
2024-04,P09,East,77
2024-05,P09,East,76
2024-06,P09,East,67
2024-07,P09,East,56
2024-08,P09,East,71
2024-09,P09,East,92
2024-10,P09,East,81
2024-11,P09,East,59
2024-12,P09,East,74
2022-01,P09,West,112
2022-02,P09,West,110
2022-03,P09,West,105
2022-04,P09,West,126
2022-05,P09,West,113
2022-06,P09,West,113
2022-07,P09,West,118
2022-08,P09,West,111
2022-09,P09,West,99
2022-10,P09,West,99
2022-11,P09,West,102
2022-12,P09,West,116
2023-01,P09,West,119
2023-02,P09,West,141
2023-03,P09,West,149
2023-04,P09,West,131
2023-05,P09,West,138
2023-06,P09,West,138
2023-07,P09,West,118
2023-08,P09,West,104
2023-09,P09,West,116
2023-10,P09,West,97
2023-11,P09,West,108
2023-12,P09,West,130
2024-01,P09,West,150
2024-02,P09,West,121
2024-03,P09,West,135
2024-04,P09,West,150
2024-05,P09,West,164
2024-06,P09,West,129
2024-07,P09,West,113
2024-08,P09,West,116
2024-09,P09,West,105
2024-10,P09,West,112
2024-11,P09,West,117
2024-12,P09,West,128
2022-01,P09,Central,45
2022-02,P09,Central,64
2022-03,P09,Central,52
2022-04,P09,Central,67
2022-05,P09,Central,61
2022-06,P09,Central,55
2022-07,P09,Central,46
2022-08,P09,Central,51
2022-09,P09,Central,45
2022-10,P09,Central,55
2022-11,P09,Central,66
2022-12,P09,Central,75
2023-01,P09,Central,70
2023-02,P09,Central,72
2023-03,P09,Central,64
2023-04,P09,Central,67
2023-05,P09,Central,87
2023-06,P09,Central,70
2023-07,P09,Central,59
2023-08,P09,Central,51
2023-09,P09,Central,56
2023-10,P09,Central,60
2023-11,P09,Central,72
2023-12,P09,Central,72
2024-01,P09,Central,77
2024-02,P09,Central,83
2024-03,P09,Central,69
2024-04,P09,Central,76
2024-05,P09,Central,76
2024-06,P09,Central,74
2024-07,P09,Central,72
2024-08,P09,Central,63
2024-09,P09,Central,66
2024-10,P09,Central,90
2024-11,P09,Central,76
2024-12,P09,Central,74
2022-01,P10,North,130
2022-02,P10,North,133
2022-03,P10,North,145
2022-04,P10,North,172
2022-05,P10,North,145
2022-06,P10,North,140
2022-07,P10,North,142
2022-08,P10,North,120
2022-09,P10,North,128
2022-10,P10,North,144
2022-11,P10,North,144
2022-12,P10,North,153
2023-01,P10,North,137
2023-02,P10,North,148
2023-03,P10,North,186
2023-04,P10,North,159
2023-05,P10,North,169
2023-06,P10,North,166
2023-07,P10,North,145
2023-08,P10,North,150
2023-09,P10,North,166
2023-10,P10,North,158
2023-11,P10,North,179
2023-12,P10,North,161
2024-01,P10,North,189
2024-02,P10,North,196
2024-03,P10,North,192
2024-04,P10,North,181
2024-05,P10,North,202
2024-06,P10,North,176
2024-07,P10,North,177
2024-08,P10,North,160
2024-09,P10,North,162
2024-10,P10,North,166
2024-11,P10,North,182
2024-12,P10,North,180
2022-01,P10,South,69
2022-02,P10,South,69
2022-03,P10,South,82
2022-04,P10,South,75
2022-05,P10,South,76
2022-06,P10,South,72
2022-07,P10,South,54
2022-08,P10,South,60
2022-09,P10,South,61
2022-10,P10,South,66
2022-11,P10,South,65
2022-12,P10,South,74
2023-01,P10,South,80
2023-02,P10,South,79
2023-03,P10,South,88
2023-04,P10,South,100
2023-05,P10,South,72
2023-06,P10,South,80
2023-07,P10,South,86
2023-08,P10,South,64
2023-09,P10,South,74
2023-10,P10,South,82
2023-11,P10,South,90
2023-12,P10,South,85
2024-01,P10,South,103
2024-02,P10,South,79
2024-03,P10,South,105
2024-04,P10,South,98
2024-05,P10,South,100
2024-06,P10,South,70
2024-07,P10,South,76
2024-08,P10,South,79
2024-09,P10,South,69
2024-10,P10,South,74
2024-11,P10,South,93
2024-12,P10,South,82
2022-01,P10,East,153
2022-02,P10,East,159
2022-03,P10,East,206
2022-04,P10,East,169
2022-05,P10,East,132
2022-06,P10,East,146
2022-07,P10,East,145
2022-08,P10,East,150
2022-09,P10,East,138
2022-10,P10,East,150
2022-11,P10,East,164
2022-12,P10,East,146
2023-01,P10,East,162
2023-02,P10,East,162
2023-03,P10,East,195
2023-04,P10,East,211
2023-05,P10,East,165
2023-06,P10,East,174
2023-07,P10,East,157
2023-08,P10,East,167
2023-09,P10,East,166
2023-10,P10,East,146
2023-11,P10,East,162
2023-12,P10,East,167
2024-01,P10,East,190
2024-02,P10,East,215
2024-03,P10,East,220
2024-04,P10,East,173
2024-05,P10,East,167
2024-06,P10,East,198
2024-07,P10,East,174
2024-08,P10,East,172
2024-09,P10,East,168
2024-10,P10,East,175
2024-11,P10,East,209
2024-12,P10,East,193
2022-01,P10,West,103
2022-02,P10,West,101
2022-03,P10,West,96
2022-04,P10,West,101
2022-05,P10,West,77
2022-06,P10,West,94
2022-07,P10,West,96
2022-08,P10,West,103
2022-09,P10,West,105
2022-10,P10,West,88
2022-11,P10,West,75
2022-12,P10,West,108
2023-01,P10,West,91
2023-02,P10,West,100
2023-03,P10,West,125
2023-04,P10,West,122
2023-05,P10,West,88
2023-06,P10,West,98
2023-07,P10,West,107
2023-08,P10,West,98
2023-09,P10,West,82
2023-10,P10,West,101
2023-11,P10,West,101
2023-12,P10,West,95
2024-01,P10,West,103
2024-02,P10,West,108
2024-03,P10,West,112
2024-04,P10,West,116
2024-05,P10,West,118
2024-06,P10,West,132
2024-07,P10,West,97
2024-08,P10,West,109
2024-09,P10,West,114
2024-10,P10,West,112
2024-11,P10,West,111
2024-12,P10,West,128
2022-01,P10,Central,152
2022-02,P10,Central,146
2022-03,P10,Central,172
2022-04,P10,Central,167
2022-05,P10,Central,142
2022-06,P10,Central,150
2022-07,P10,Central,127
2022-08,P10,Central,132
2022-09,P10,Central,124
2022-10,P10,Central,138
2022-11,P10,Central,144
2022-12,P10,Central,137
2023-01,P10,Central,148
2023-02,P10,Central,158
2023-03,P10,Central,183
2023-04,P10,Central,171
2023-05,P10,Central,178
2023-06,P10,Central,150
2023-07,P10,Central,119
2023-08,P10,Central,162
2023-09,P10,Central,128
2023-10,P10,Central,144
2023-11,P10,Central,158
2023-12,P10,Central,171
2024-01,P10,Central,176
2024-02,P10,Central,166
2024-03,P10,Central,183
2024-04,P10,Central,171
2024-05,P10,Central,166
2024-06,P10,Central,194
2024-07,P10,Central,172
2024-08,P10,Central,161
2024-09,P10,Central,161
2024-10,P10,Central,162
2024-11,P10,Central,183
2024-12,P10,Central,198
2022-01,P11,North,74
2022-02,P11,North,84
2022-03,P11,North,78
2022-04,P11,North,84
2022-05,P11,North,94
2022-06,P11,North,83
2022-07,P11,North,65
2022-08,P11,North,72
2022-09,P11,North,80
2022-10,P11,North,78
2022-11,P11,North,91
2022-12,P11,North,71
2023-01,P11,North,87
2023-02,P11,North,101
2023-03,P11,North,79
2023-04,P11,North,103
2023-05,P11,North,99
2023-06,P11,North,95
2023-07,P11,North,77
2023-08,P11,North,90
2023-09,P11,North,86
2023-10,P11,North,84
2023-11,P11,North,92
2023-12,P11,North,81
2024-01,P11,North,76
2024-02,P11,North,99
2024-03,P11,North,112
2024-04,P11,North,86
2024-05,P11,North,94
2024-06,P11,North,106
2024-07,P11,North,87
2024-08,P11,North,80
2024-09,P11,North,97
2024-10,P11,North,93
2024-11,P11,North,91
2024-12,P11,North,91
2022-01,P11,South,135
2022-02,P11,South,133
2022-03,P11,South,135
2022-04,P11,South,169
2022-05,P11,South,164
2022-06,P11,South,167
2022-07,P11,South,158
2022-08,P11,South,137
2022-09,P11,South,125
2022-10,P11,South,128
2022-11,P11,South,143
2022-12,P11,South,161
2023-01,P11,South,158
2023-02,P11,South,161
2023-03,P11,South,168
2023-04,P11,South,174
2023-05,P11,South,163
2023-06,P11,South,166
2023-07,P11,South,158
2023-08,P11,South,177
2023-09,P11,South,170
2023-10,P11,South,160
2023-11,P11,South,156
2023-12,P11,South,163
2024-01,P11,South,181
2024-02,P11,South,181
2024-03,P11,South,164
2024-04,P11,South,202
2024-05,P11,South,177
2024-06,P11,South,146
2024-07,P11,South,162
2024-08,P11,South,167
2024-09,P11,South,179
2024-10,P11,South,153
2024-11,P11,South,196
2024-12,P11,South,169
2022-01,P11,East,82
2022-02,P11,East,89
2022-03,P11,East,99
2022-04,P11,East,102
2022-05,P11,East,76
2022-06,P11,East,88
2022-07,P11,East,67
2022-08,P11,East,96
2022-09,P11,East,84
2022-10,P11,East,73
2022-11,P11,East,94
2022-12,P11,East,88
2023-01,P11,East,100
2023-02,P11,East,95
2023-03,P11,East,97
2023-04,P11,East,100
2023-05,P11,East,92
2023-06,P11,East,81
2023-07,P11,East,74
2023-08,P11,East,76
2023-09,P11,East,95
2023-10,P11,East,91
2023-11,P11,East,94
2023-12,P11,East,93
2024-01,P11,East,104
2024-02,P11,East,106
2024-03,P11,East,103
2024-04,P11,East,90
2024-05,P11,East,117
2024-06,P11,East,106
2024-07,P11,East,93
2024-08,P11,East,91
2024-09,P11,East,110
2024-10,P11,East,102
2024-11,P11,East,88
2024-12,P11,East,98
2022-01,P11,West,133
2022-02,P11,West,152
2022-03,P11,West,133
2022-04,P11,West,151
2022-05,P11,West,146
2022-06,P11,West,143
2022-07,P11,West,157
2022-08,P11,West,131
2022-09,P11,West,131
2022-10,P11,West,126
2022-11,P11,West,143
2022-12,P11,West,157
2023-01,P11,West,154
2023-02,P11,West,163
2023-03,P11,West,145
2023-04,P11,West,146
2023-05,P11,West,169
2023-06,P11,West,160
2023-07,P11,West,166
2023-08,P11,West,155
2023-09,P11,West,152
2023-10,P11,West,178
2023-11,P11,West,143
2023-12,P11,West,164
2024-01,P11,West,185
2024-02,P11,West,170
2024-03,P11,West,185
2024-04,P11,West,195
2024-05,P11,West,184
2024-06,P11,West,176
2024-07,P11,West,173
2024-08,P11,West,187
2024-09,P11,West,160
2024-10,P11,West,165
2024-11,P11,West,162
2024-12,P11,West,190
2022-01,P11,Central,95
2022-02,P11,Central,114
2022-03,P11,Central,119
2022-04,P11,Central,108
2022-05,P11,Central,92
2022-06,P11,Central,92
2022-07,P11,Central,116
2022-08,P11,Central,92
2022-09,P11,Central,95
2022-10,P11,Central,88
2022-11,P11,Central,93
2022-12,P11,Central,102
2023-01,P11,Central,130
2023-02,P11,Central,123
2023-03,P11,Central,127
2023-04,P11,Central,119
2023-05,P11,Central,129
2023-06,P11,Central,112
2023-07,P11,Central,112
2023-08,P11,Central,108
2023-09,P11,Central,115
2023-10,P11,Central,112
2023-11,P11,Central,108
2023-12,P11,Central,121
2024-01,P11,Central,118
2024-02,P11,Central,141
2024-03,P11,Central,155
2024-04,P11,Central,123
2024-05,P11,Central,126
2024-06,P11,Central,129
2024-07,P11,Central,131
2024-08,P11,Central,111
2024-09,P11,Central,136
2024-10,P11,Central,123
2024-11,P11,Central,117
2024-12,P11,Central,144
2022-01,P12,North,91
2022-02,P12,North,77
2022-03,P12,North,89
2022-04,P12,North,86
2022-05,P12,North,97
2022-06,P12,North,102
2022-07,P12,North,79
2022-08,P12,North,74
2022-09,P12,North,79
2022-10,P12,North,73
2022-11,P12,North,92
2022-12,P12,North,98
2023-01,P12,North,105
2023-02,P12,North,104
2023-03,P12,North,98
2023-04,P12,North,106
2023-05,P12,North,112
2023-06,P12,North,97
2023-07,P12,North,94
2023-08,P12,North,93
2023-09,P12,North,80
2023-10,P12,North,82
2023-11,P12,North,107
2023-12,P12,North,96
2024-01,P12,North,95
2024-02,P12,North,111
2024-03,P12,North,105
2024-04,P12,North,109
2024-05,P12,North,114
2024-06,P12,North,100
2024-07,P12,North,103
2024-08,P12,North,97
2024-09,P12,North,113
2024-10,P12,North,94
2024-11,P12,North,98
2024-12,P12,North,114
2022-01,P12,South,145
2022-02,P12,South,188
2022-03,P12,South,170
2022-04,P12,South,164
2022-05,P12,South,170
2022-06,P12,South,169
2022-07,P12,South,164
2022-08,P12,South,139
2022-09,P12,South,150
2022-10,P12,South,161
2022-11,P12,South,160
2022-12,P12,South,175
2023-01,P12,South,194
2023-02,P12,South,184
2023-03,P12,South,196
2023-04,P12,South,193
2023-05,P12,South,206
2023-06,P12,South,188
2023-07,P12,South,180
2023-08,P12,South,163
2023-09,P12,South,124
2023-10,P12,South,189
2023-11,P12,South,182
2023-12,P12,South,179
2024-01,P12,South,216
2024-02,P12,South,195
2024-03,P12,South,213
2024-04,P12,South,232
2024-05,P12,South,207
2024-06,P12,South,183
2024-07,P12,South,184
2024-08,P12,South,189
2024-09,P12,South,157
2024-10,P12,South,175
2024-11,P12,South,200
2024-12,P12,South,205
2022-01,P12,East,117
2022-02,P12,East,127
2022-03,P12,East,132
2022-04,P12,East,126
2022-05,P12,East,116
2022-06,P12,East,121
2022-07,P12,East,139
2022-08,P12,East,125
2022-09,P12,East,135
2022-10,P12,East,114
2022-11,P12,East,118
2022-12,P12,East,137
2023-01,P12,East,140
2023-02,P12,East,157
2023-03,P12,East,134
2023-04,P12,East,147
2023-05,P12,East,130
2023-06,P12,East,141
2023-07,P12,East,107
2023-08,P12,East,132
2023-09,P12,East,125
2023-10,P12,East,132
2023-11,P12,East,134
2023-12,P12,East,137
2024-01,P12,East,142
2024-02,P12,East,177
2024-03,P12,East,136
2024-04,P12,East,151
2024-05,P12,East,162
2024-06,P12,East,145
2024-07,P12,East,139
2024-08,P12,East,158
2024-09,P12,East,157
2024-10,P12,East,148
2024-11,P12,East,149
2024-12,P12,East,134
2022-01,P12,West,109
2022-02,P12,West,132
2022-03,P12,West,110
2022-04,P12,West,120
2022-05,P12,West,118
2022-06,P12,West,101
2022-07,P12,West,105
2022-08,P12,West,75
2022-09,P12,West,75
2022-10,P12,West,101
2022-11,P12,West,102
2022-12,P12,West,117
2023-01,P12,West,133
2023-02,P12,West,125
2023-03,P12,West,129
2023-04,P12,West,132
2023-05,P12,West,129
2023-06,P12,West,113
2023-07,P12,West,114
2023-08,P12,West,98
2023-09,P12,West,108
2023-10,P12,West,131
2023-11,P12,West,97
2023-12,P12,West,142
2024-01,P12,West,130
2024-02,P12,West,106
2024-03,P12,West,124
2024-04,P12,West,141
2024-05,P12,West,118
2024-06,P12,West,128
2024-07,P12,West,115
2024-08,P12,West,139
2024-09,P12,West,117
2024-10,P12,West,127
2024-11,P12,West,112
2024-12,P12,West,138
2022-01,P12,Central,97
2022-02,P12,Central,106
2022-03,P12,Central,110
2022-04,P12,Central,94
2022-05,P12,Central,106
2022-06,P12,Central,95
2022-07,P12,Central,106
2022-08,P12,Central,99
2022-09,P12,Central,93
2022-10,P12,Central,102
2022-11,P12,Central,98
2022-12,P12,Central,103
2023-01,P12,Central,133
2023-02,P12,Central,116
2023-03,P12,Central,125
2023-04,P12,Central,111
2023-05,P12,Central,146
2023-06,P12,Central,104
2023-07,P12,Central,119
2023-08,P12,Central,100
2023-09,P12,Central,101
2023-10,P12,Central,121
2023-11,P12,Central,122
2023-12,P12,Central,112
2024-01,P12,Central,129
2024-02,P12,Central,141
2024-03,P12,Central,124
2024-04,P12,Central,133
2024-05,P12,Central,126
2024-06,P12,Central,121
2024-07,P12,Central,118
2024-08,P12,Central,99
2024-09,P12,Central,130
2024-10,P12,Central,106
2024-11,P12,Central,128
2024-12,P12,Central,130
